Intervalle:600 sec;;;;;;;;;;;
Tension:229.999 V;;;;;;;;;;;
;;;;;;;;;;;
;;;;;;;;;;;
Date/Heure:2018/25/04;10:00.0;20:00.0;;;;;;;;;
;;;;;;;;;;;
Date;Heure;'UL1_[V]';'UL2_[V]';'UL3_[V]';'IL1_[A]';'IL2_[A]';'IL3_[A]';'I_Neutral_[A]';;;
2018/25/04;10:00.0;236.033;235.278;236.153;2.753;3.162;3.155;1.892;;;
2018/25/04;20:00.0;236.267;235.599;236.451;1.5;3.726;3.72;3.054;;;
2018/25/04;30:00.0;236.287;236.128;237.098;2.197;4.273;4.435;2.785;;;
2018/25/04;40:00.0;235.78;235.912;236.92;1.902;3.769;4.074;2.706;;;
2018/25/04;50:00.0;235.968;235.679;236.853;1.699;3.48;3.544;2.683;;;
2018/25/04;00:00.0;236.55;236.037;237.402;2.323;4.376;4.428;2.738;;;
2018/25/04;10:00.0;236.073;236.017;236.974;1.968;3.651;3.723;2.707;;;
2018/25/04;20:00.0;236.268;236.038;236.976;2.313;4.084;4.133;2.686;;;
2018/25/04;30:00.0;235.794;236.368;237.199;2.485;4.778;4.931;6.706;;;
2018/25/04;40:00.0;235.679;236.125;237.616;1.793;4.93;5.001;6.3;;;
2018/25/04;50:00.0;235.951;236.244;237.255;2.755;4.292;4.245;6.175;;;
2018/25/04;00:00.0;235.966;236.101;237.389;3.886;3.86;3.69;6.807;;;
2018/25/04;10:00.0;237.42;236.645;238.316;2.572;4.06;4.031;4.224;;;
2018/25/04;20:00.0;237.146;236.97;238.414;2.292;3.593;3.763;2.506;;;
2018/25/04;30:00.0;237.674;236.398;238.108;1.229;2.295;2.396;2.461;;;
2018/25/04;40:00.0;234.841;233.51;235.795;1.209;1.482;1.328;2.439;;;
2018/25/04;50:00.0;235.444;233.546;236.138;1.027;1.924;1.669;2.343;;;
2018/25/04;00:00.0;235.342;234.33;236.174;2.308;3.59;3.4;2.249;;;
2018/25/04;10:00.0;234.928;234.05;235.739;1.114;2.38;2.178;2.322;;;
2018/25/04;20:00.0;234.777;233.571;235.23;1.135;1.455;1.322;2.215;;;
2018/25/04;30:00.0;234.345;233.736;234.079;4.97;2.804;9.263;10.586;;;
2018/25/04;40:00.0;236.802;236.037;236.68;3.326;2.688;8.78;9.631;;;
2018/25/04;50:00.0;236.144;235.484;237.257;1.542;1.847;1.617;2.674;;;
2018/25/04;00:00.0;236.571;235.835;237.578;1.83;3.539;3.373;2.564;;;
2018/25/04;10:00.0;237.152;235.877;237.727;2.103;3.736;3.836;2.556;;;
2018/25/04;20:00.0;237.03;235.797;237.293;1.123;1.554;1.379;2.275;;;
2018/25/04;30:00.0;237.105;236.213;237.512;1.061;2.068;1.832;2.266;;;
2018/25/04;40:00.0;237.427;236.969;237.771;1.945;3.745;3.474;2.334;;;
2018/25/04;50:00.0;237.592;237;237.941;2.018;3.579;3.409;2.682;;;
2018/25/04;00:00.0;237.282;236.725;237.747;1.663;2.61;2.434;2.854;;;
2018/25/04;10:00.0;237.197;236.286;237.33;1.728;3.29;2.96;2.351;;;
2018/25/04;20:00.0;237.597;236.449;237.434;2.091;3.739;3.409;2.449;;;
2018/25/04;30:00.0;237.449;237.063;237.906;2.135;3.974;4.113;2.74;;;
2018/25/04;40:00.0;237.802;237.05;237.796;1.33;2.742;2.797;2.793;;;
2018/25/04;50:00.0;237.789;236.775;237.566;1.351;2.277;2.326;2.725;;;
2018/25/04;00:00.0;238.136;236.885;237.503;1.09;2.797;2.991;2.687;;;
2018/25/04;10:00.0;236.411;235.15;235.874;1.186;2.964;3.066;2.727;;;
2018/25/04;20:00.0;235.845;234.667;235.324;1.157;2.655;2.732;2.489;;;
2018/25/04;30:00.0;235.393;234.848;235.128;1.13;1.506;1.385;2.37;;;
2018/25/04;40:00.0;236.178;235.706;236.125;1.514;2.912;2.729;2.299;;;
2018/25/04;50:00.0;236.603;235.748;236.488;1.344;2.442;2.464;2.261;;;
2018/25/04;00:00.0;236.511;235.494;236.341;1.203;1.436;1.333;2.346;;;
2018/25/04;10:00.0;237.382;236.183;236.925;1.17;1.688;1.519;2.375;;;
2018/25/04;20:00.0;237.555;236.659;237.06;1.31;1.766;1.6;2.405;;;
2018/25/04;30:00.0;237.536;236.749;237.485;1.001;2.065;1.833;2.392;;;
2018/25/04;40:00.0;237.494;236.841;237.366;1.353;1.906;1.791;2.806;;;
2018/25/04;50:00.0;237.695;236.782;237.855;1.056;1.89;1.732;2.769;;;
2018/25/04;00:00.0;237.524;236.251;238.014;1.401;1.256;1.448;2.978;;;
2018/25/04;10:00.0;237.294;236.111;237.574;1.801;1.211;1.372;3.488;;;
2018/25/04;20:00.0;237.188;235.586;237.132;2.002;1.361;1.136;3.394;;;
2018/25/04;30:00.0;237.345;235.886;236.756;1.494;1.529;1.183;2.898;;;
2018/25/04;40:00.0;237.351;235.224;236.943;1.479;5.344;2.52;4.784;;;
2018/25/04;50:00.0;237.189;235.147;236.927;1.757;5.394;2.064;5.334;;;
2018/25/04;00:00.0;237.446;235.444;237.185;1.905;2.692;0.656;3.086;;;
2018/25/04;10:00.0;237.794;236.25;237.993;1.868;2.202;0.747;2.805;;;
2018/25/04;20:00.0;237.541;235.881;237.564;1.874;2.227;0.73;2.807;;;
2018/25/04;30:00.0;237.475;235.88;237.622;1.807;2.217;0.805;2.684;;;
2018/25/04;40:00.0;237.679;235.684;237.128;2.267;2.198;0.833;2.667;;;
2018/25/04;50:00.0;237.823;236.146;237.627;2.347;1.851;0.87;2.569;;;
2018/25/04;00:00.0;235.144;233.711;234.766;2.371;1.061;0.888;2.413;;;
2018/25/04;10:00.0;234.873;233.602;235.043;4.535;1.081;0.888;4.588;;;
2018/25/04;20:00.0;235.152;233.64;234.954;3.443;1.145;0.944;3.372;;;
2018/25/04;30:00.0;234.978;233.666;234.697;4.237;1.082;2.09;4.496;;;
2018/25/04;40:00.0;234.938;234.042;233.543;6.182;0.929;8.544;7.978;;;
2018/25/04;50:00.0;234.871;233.564;234.89;2.181;0.928;0.997;2.024;;;
2018/25/04;00:00.0;234.641;233.257;234.284;2.185;0.925;1.078;1.969;;;
2018/25/04;10:00.0;236.938;235.278;236.295;2.18;0.96;1.049;1.905;;;
2018/25/04;20:00.0;237.723;236.232;237.281;2.183;0.873;1.077;1.9;;;
2018/25/04;30:00.0;236.861;235.554;236.656;2.176;0.843;1.138;1.898;;;
2018/25/04;40:00.0;234.991;233.829;235.082;2.407;0.842;1.135;2.112;;;
2018/25/04;50:00.0;235.443;234.207;235.474;2.521;0.846;1.142;2.207;;;
2018/25/04;00:00.0;235.934;234.493;236.057;2.476;0.925;1.13;2.116;;;
2018/25/04;10:00.0;236.199;235.007;236.234;2.474;0.873;0.853;2.37;;;
2018/25/04;20:00.0;235.917;234.878;235.505;2.56;0.81;2.178;3.189;;;
2018/25/04;30:00.0;236.557;234.588;234.072;2.285;0.715;9.052;8.162;;;
2018/25/04;40:00.0;235.597;234.374;234.794;2.211;0.773;5.545;5.305;;;
2018/25/04;50:00.0;235.642;234.494;235.569;2.187;0.867;0.581;2.316;;;
2018/25/04;00:00.0;236.232;235.231;235.974;2.177;0.862;0.581;2.284;;;
2018/25/04;10:00.0;236.543;235.026;235.924;1.882;0.799;0.579;1.971;;;
2018/25/04;20:00.0;236.912;235.238;235.962;0.905;0.777;0.576;0.56;;;
2018/25/04;30:00.0;237.049;235.692;236.098;0.904;0.778;0.574;0.552;;;
2018/25/04;40:00.0;236.924;235.685;236.15;0.951;0.84;0.569;0.699;;;
2018/25/04;50:00.0;237.563;236.286;236.768;0.891;0.845;0.567;0.522;;;
2018/26/04;00:00.0;236.237;235.198;235.323;0.901;0.8;0.568;0.926;;;
2018/26/04;10:00.0;237.239;236.148;236.232;0.922;0.797;0.584;1.075;;;
2018/26/04;20:00.0;237.796;236.333;236.876;0.914;0.789;0.572;0.814;;;
2018/26/04;30:00.0;237.714;236.182;236.841;0.907;0.823;0.572;0.589;;;
2018/26/04;40:00.0;238.177;236.782;237.268;0.912;0.838;0.572;0.481;;;
2018/26/04;50:00.0;238.524;236.855;237.342;0.911;0.802;0.571;0.516;;;
2018/26/04;00:00.0;238.347;236.855;237.29;0.911;0.779;0.573;0.536;;;
2018/26/04;10:00.0;238.368;236.94;237.375;0.911;0.779;0.575;0.539;;;
2018/26/04;20:00.0;238.384;237.022;237.502;0.911;0.815;0.576;0.586;;;
2018/26/04;30:00.0;238.178;237.127;237.476;0.914;0.834;0.574;0.47;;;
2018/26/04;40:00.0;238.75;237.261;237.834;0.978;0.812;0.58;0.689;;;
2018/26/04;50:00.0;238.713;237.267;237.658;0.917;0.786;0.58;0.635;;;
2018/26/04;00:00.0;238.44;237.126;237.403;0.905;0.781;0.58;0.622;;;
2018/26/04;10:00.0;236.501;235.121;235.47;0.897;0.775;0.575;0.616;;;
2018/26/04;20:00.0;235.633;234.355;234.648;0.903;0.845;0.572;0.545;;;
2018/26/04;30:00.0;235.825;234.328;234.722;0.906;0.8;0.573;0.491;;;
2018/26/04;40:00.0;235.803;234.363;234.771;0.905;0.769;0.576;0.546;;;
2018/26/04;50:00.0;235.832;234.449;234.845;0.905;0.769;0.576;0.547;;;
2018/26/04;00:00.0;235.776;234.157;234.7;0.905;0.768;0.576;0.548;;;
2018/26/04;10:00.0;235.619;234.212;234.149;0.906;0.835;0.574;0.552;;;
2018/26/04;20:00.0;235.892;234.245;234.11;0.907;0.806;0.574;0.49;;;
2018/26/04;30:00.0;235.61;234.052;233.955;0.96;0.772;0.576;0.68;;;
2018/26/04;40:00.0;235.541;234.22;234.516;0.926;0.776;0.58;0.675;;;
2018/26/04;50:00.0;235.365;234.045;234.245;0.907;0.775;0.58;0.645;;;
2018/26/04;00:00.0;235.116;234.028;234.338;0.9;0.834;0.577;0.615;;;
2018/26/04;10:00.0;235.443;234.21;234.469;0.9;0.816;0.577;0.525;;;
2018/26/04;20:00.0;235.573;234.223;234.405;0.905;0.769;0.576;0.554;;;
2018/26/04;30:00.0;235.817;234.258;234.544;0.908;0.77;0.578;0.555;;;
2018/26/04;40:00.0;235.486;233.881;234.359;0.905;0.768;0.577;0.556;;;
2018/26/04;50:00.0;235.383;233.981;234.322;0.906;0.823;0.576;0.576;;;
2018/26/04;00:00.0;236.608;235.11;235.399;0.911;0.817;0.576;0.478;;;
2018/26/04;10:00.0;237.185;235.767;236.187;0.911;0.773;0.579;0.553;;;
2018/26/04;20:00.0;236.584;235.184;235.658;0.908;0.77;0.578;0.555;;;
2018/26/04;30:00.0;236.379;235.163;235.468;0.968;0.812;0.578;0.727;;;
2018/26/04;40:00.0;236.24;234.984;235.222;0.892;0.923;0.575;0.677;;;
2018/26/04;50:00.0;236.047;234.622;235.067;0.879;0.943;0.572;0.591;;;
2018/26/04;00:00.0;235.736;234.502;234.788;0.95;0.884;0.594;0.667;;;
2018/26/04;10:00.0;234.969;234.427;235.139;6.203;0.909;0.67;6.272;;;
2018/26/04;20:00.0;234.215;234.803;235.274;8.25;0.927;0.695;8.36;;;
2018/26/04;30:00.0;234.667;235.078;235.276;9.433;0.95;0.699;9.603;;;
2018/26/04;40:00.0;235.284;234.978;235.441;6.124;1.229;0.732;5.801;;;
2018/26/04;50:00.0;234.524;234.648;234.799;5.89;1.066;0.745;5.837;;;
2018/26/04;00:00.0;235.39;235.287;235.415;5.414;1.008;0.744;5.428;;;
2018/26/04;10:00.0;236.796;235.964;236.356;2.575;0.995;0.721;2.488;;;
2018/26/04;20:00.0;236.428;235.204;235.879;1.057;0.984;0.739;0.79;;;
2018/26/04;30:00.0;235.722;234.793;235.346;0.969;1.031;0.748;0.808;;;
2018/26/04;40:00.0;235.581;234.748;235.085;0.963;1.022;0.785;0.787;;;
2018/26/04;50:00.0;235.241;234.245;235.293;1.086;1.162;1.04;0.794;;;
2018/26/04;00:00.0;235.325;234.156;235.071;1.53;1.531;1.495;0.868;;;
2018/26/04;10:00.0;236.503;235.243;236.331;1.669;1.731;1.78;0.89;;;
2018/26/04;20:00.0;236.54;234.816;236.359;1.23;1.565;1.671;1.182;;;
2018/26/04;30:00.0;236.516;235.131;236.186;1.852;2.146;2.376;1.13;;;
2018/26/04;40:00.0;236.042;234.706;235.904;1.6;1.539;1.426;0.726;;;
2018/26/04;50:00.0;235.858;234.667;235.931;1.364;1.196;1.013;0.816;;;
2018/26/04;00:00.0;236.164;234.465;236.082;1.794;1.638;1.636;0.737;;;
2018/26/04;10:00.0;237.079;235.386;236.538;1.544;1.345;1.246;0.931;;;
2018/26/04;20:00.0;237.084;235.644;236.766;1.359;1.191;1.025;1.179;;;
2018/26/04;30:00.0;237.091;235.411;236.571;1.451;1.529;1.446;1.072;;;
2018/26/04;40:00.0;237.059;235.644;236.535;2.483;2.787;2.912;0.903;;;
2018/26/04;50:00.0;236.674;235.313;236.148;1.164;1.272;1.242;0.878;;;
2018/26/04;00:00.0;236.5;235.418;236.366;1.571;1.448;1.449;0.722;;;
2018/26/04;10:00.0;235.53;234.58;235.382;2.232;1.851;2.092;0.731;;;
2018/26/04;20:00.0;236.287;234.965;235.305;1.977;1.679;1.781;0.714;;;
2018/26/04;30:00.0;236.346;234.997;235.817;2.161;1.902;1.976;0.727;;;
2018/26/04;40:00.0;236.438;234.959;236.163;3.325;3.084;3.28;0.782;;;
2018/26/04;50:00.0;236.566;234.969;236.09;3.532;3.393;3.489;0.713;;;
2018/26/04;00:00.0;236.562;234.531;235.839;2.69;2.383;2.565;0.702;;;
2018/26/04;10:00.0;236.358;234.168;235.287;3.148;2.946;3.062;0.661;;;
2018/26/04;20:00.0;236.489;234.572;235.609;3.583;3.695;3.775;0.861;;;
2018/26/04;30:00.0;235.896;234.141;235.387;3.477;3.681;3.74;0.763;;;
2018/26/04;40:00.0;235.597;233.857;235.02;3.85;4;4.085;0.761;;;
2018/26/04;50:00.0;235.405;233.181;234.958;2.805;2.466;2.988;4.589;;;
2018/26/04;00:00.0;236.039;234.534;235.857;3.424;3.163;3.364;0.915;;;
2018/26/04;10:00.0;236.406;235.173;236.017;2.357;2.227;2.537;3.02;;;
2018/26/04;20:00.0;237.186;236.197;236.48;2.242;2.079;2.474;2.874;;;
2018/26/04;30:00.0;237.813;235.963;237.194;2.678;2.465;2.521;0.665;;;
2018/26/04;40:00.0;237.499;236.71;237.719;2.284;3.393;3.484;5.215;;;
2018/26/04;50:00.0;237.931;236.621;237.696;4.142;3.939;4.271;0.674;;;
2018/26/04;00:00.0;237.717;236.725;238.12;4.251;4.806;5.008;3.921;;;
2018/26/04;10:00.0;237.325;236.164;237.685;5.217;5.535;5.772;2.362;;;
2018/26/04;20:00.0;237.122;235.752;237;4.155;4.27;4.458;1.862;;;
2018/26/04;30:00.0;236.951;235.622;236.972;3.179;4.968;5.044;4.251;;;
2018/26/04;40:00.0;237.054;235.443;237.574;4.337;4.219;4.493;0.757;;;
2018/26/04;50:00.0;237.028;235.931;237.321;4.843;5.052;5.32;2.21;;;
2018/26/04;00:00.0;237.314;235.861;236.945;5.031;4.92;5.096;2.056;;;
2018/26/04;10:00.0;236.622;235.694;237.134;3.884;4.849;4.965;5.432;;;
2018/26/04;20:00.0;236.675;235.929;237.384;3.781;4.921;4.989;5.672;;;
2018/26/04;30:00.0;236.178;235.163;236.692;3.882;2.318;2.314;5.048;;;
2018/26/04;40:00.0;235.686;235.419;236.926;3.788;3.948;4.055;5.411;;;
2018/26/04;50:00.0;237.196;235.327;236.949;4.407;4.2;4.273;0.741;;;
2018/26/04;00:00.0;237.29;235.533;237.044;3.325;3.178;3.171;0.676;;;
2018/26/04;10:00.0;237.515;235.65;237.243;4.107;4.089;4.094;0.766;;;
2018/26/04;20:00.0;237.507;235.734;237.124;4.229;4.33;4.483;0.762;;;
2018/26/04;30:00.0;236.834;235.973;237.147;4.02;3.948;4.221;0.692;;;
2018/26/04;40:00.0;236.53;235.7;236.809;2.449;3.062;3.119;1.203;;;
2018/26/04;50:00.0;237.036;236.283;237.199;3.303;3.962;4.013;1.175;;;
2018/26/04;00:00.0;236.834;236.065;236.86;2.928;2.821;2.805;0.684;;;
2018/26/04;10:00.0;236.816;236.578;237.217;3.263;3.074;3.095;0.682;;;
2018/26/04;20:00.0;237.345;236.383;237.558;2.764;2.325;2.569;0.848;;;
2018/26/04;30:00.0;238.23;236.63;238.024;3.829;3.454;3.501;0.757;;;
2018/26/04;40:00.0;238.058;236.881;238.035;3.132;2.728;2.612;0.956;;;
2018/26/04;50:00.0;238.556;237.027;238.219;2.702;2.418;2.298;0.883;;;
2018/26/04;00:00.0;238.137;236.481;237.866;2.82;2.534;2.393;0.899;;;
2018/26/04;10:00.0;237.29;235.796;237.017;2.473;2.269;2.226;0.981;;;
2018/26/04;20:00.0;236.818;235.833;236.833;2.019;2.035;2.02;0.863;;;
2018/26/04;30:00.0;236.814;235.76;237.128;1.909;2.09;1.936;0.899;;;
2018/26/04;40:00.0;237.048;235.426;236.739;1.717;1.913;1.758;0.89;;;
2018/26/04;50:00.0;236.623;234.759;236.417;1.54;1.66;1.48;0.824;;;
2018/26/04;00:00.0;236.755;235.567;236.941;1.656;1.484;1.361;0.799;;;
2018/26/04;10:00.0;235.837;234.321;235.716;1.521;1.264;1.225;0.706;;;
2018/26/04;20:00.0;235.181;233.669;234.881;1.429;1.283;1.131;0.787;;;
2018/26/04;30:00.0;236.365;235.035;236.393;1.351;1.213;1.006;0.822;;;
2018/26/04;40:00.0;237.485;236.234;237.411;1.364;1.177;0.965;0.907;;;
2018/26/04;50:00.0;237.561;236.236;236.959;1.331;1.164;0.942;0.935;;;
2018/26/04;00:00.0;237.485;236.012;236.87;1.263;1.029;0.882;0.808;;;
2018/26/04;10:00.0;235.556;234.037;235.34;1.111;1.026;0.826;0.847;;;
2018/26/04;20:00.0;234.967;233.616;234.653;0.974;1.021;0.786;0.812;;;
2018/26/04;30:00.0;234.934;233.68;234.616;0.956;0.994;0.747;0.745;;;
2018/26/04;40:00.0;235.371;233.752;234.7;0.962;0.985;0.74;0.746;;;
2018/26/04;50:00.0;235.625;233.516;234.941;0.999;1.019;0.717;0.763;;;
2018/26/04;00:00.0;235.818;233.663;234.81;1.055;0.995;0.706;0.698;;;
2018/26/04;10:00.0;235.3;233.604;234.465;1.037;0.963;0.687;0.637;;;
2018/26/04;20:00.0;236.709;234.984;236.404;1.033;0.967;0.681;0.609;;;
2018/26/04;30:00.0;237.608;236.427;237.65;1.007;0.951;0.88;0.788;;;
2018/26/04;40:00.0;237.502;236.66;237.425;0.906;0.93;0.792;0.807;;;
2018/26/04;50:00.0;238.071;236.582;237.569;0.907;0.94;0.781;0.742;;;
2018/26/04;00:00.0;237.776;235.841;237.228;0.944;0.879;0.801;0.829;;;
2018/26/04;10:00.0;237.736;235.919;237.716;0.893;0.831;0.908;0.718;;;
2018/26/04;20:00.0;237.83;236.518;237.822;0.873;0.787;0.905;0.729;;;
2018/26/04;30:00.0;237.02;235.705;236.67;0.889;0.827;0.906;0.781;;;
2018/26/04;40:00.0;235.281;234.378;235.401;0.898;0.831;0.906;0.722;;;
2018/26/04;50:00.0;236.046;234.462;235.654;0.896;0.781;0.899;0.859;;;
2018/26/04;00:00.0;236.484;235.013;236.292;0.9;0.775;0.648;0.629;;;
2018/26/04;10:00.0;235.912;234.514;235.805;0.899;0.776;0.563;0.536;;;
2018/26/04;20:00.0;235.767;234.198;235.461;0.898;0.775;0.561;0.534;;;
2018/26/04;30:00.0;236.068;233.718;235.796;0.901;0.854;0.559;0.532;;;
2018/26/04;40:00.0;236.477;234.098;236.033;0.9;0.799;0.56;0.497;;;
2018/26/04;50:00.0;236.371;233.989;236.13;0.899;0.772;0.561;0.535;;;
2018/26/04;00:00.0;237.107;234.622;236.277;0.945;0.775;0.561;0.637;;;
2018/26/04;10:00.0;236.48;234.71;236.147;0.89;0.78;0.562;0.641;;;
2018/26/04;20:00.0;236.981;235.185;236.604;0.875;0.841;0.561;0.597;;;
2018/26/04;30:00.0;237.422;235.762;236.731;0.871;0.824;0.562;0.51;;;
2018/26/04;40:00.0;237.939;236.268;237.167;0.868;0.785;0.565;0.58;;;
2018/26/04;50:00.0;238.104;236.162;237.275;0.907;0.778;0.564;0.531;;;
2018/27/04;00:00.0;235.428;233.781;234.391;0.902;0.774;0.572;0.536;;;
2018/27/04;10:00.0;235.369;233.58;234.232;0.916;0.812;0.562;0.582;;;
2018/27/04;20:00.0;235.985;234.156;234.802;0.907;0.812;0.559;0.452;;;
2018/27/04;30:00.0;236.192;234.34;234.546;0.907;0.78;0.561;0.52;;;
2018/27/04;40:00.0;236.222;234.557;235.049;0.907;0.771;0.563;0.534;;;
2018/27/04;50:00.0;236.332;234.44;235.251;0.906;0.77;0.563;0.531;;;
2018/27/04;00:00.0;236.369;234.786;235.467;0.954;0.772;0.565;0.641;;;
2018/27/04;10:00.0;236.172;234.62;235.341;0.904;0.85;0.566;0.608;;;
2018/27/04;20:00.0;236.405;235.009;235.626;0.885;0.799;0.567;0.57;;;
2018/27/04;30:00.0;236.318;235.167;235.663;0.876;0.779;0.569;0.601;;;
2018/27/04;40:00.0;236.504;235.2;235.563;0.874;0.777;0.568;0.589;;;
2018/27/04;50:00.0;236.429;235.125;235.502;0.906;0.771;0.567;0.527;;;
2018/27/04;00:00.0;236.365;234.801;235.493;0.907;0.822;0.566;0.541;;;
2018/27/04;10:00.0;235.729;234.244;234.875;0.905;0.798;0.565;0.452;;;
2018/27/04;20:00.0;235.926;234.49;235.033;0.905;0.768;0.569;0.533;;;
2018/27/04;30:00.0;235.877;234.223;234.769;0.907;0.844;0.567;0.579;;;
2018/27/04;40:00.0;235.838;234.314;234.698;0.906;0.85;0.566;0.566;;;
2018/27/04;50:00.0;235.956;234.438;234.92;0.908;0.896;0.566;0.62;;;
2018/27/04;00:00.0;235.903;234.465;234.877;0.951;0.923;0.565;0.644;;;
2018/27/04;10:00.0;235.972;234.478;234.976;0.933;0.875;0.568;0.69;;;
2018/27/04;20:00.0;236.171;234.559;235.071;0.911;0.853;0.569;0.666;;;
2018/27/04;30:00.0;236.202;234.606;235.091;0.902;0.852;0.57;0.651;;;
2018/27/04;40:00.0;235.936;234.41;234.993;1.037;0.853;0.571;0.722;;;
2018/27/04;50:00.0;235.732;234.447;234.905;3.064;0.946;0.58;2.72;;;
2018/27/04;00:00.0;235.943;234.843;235.143;3.003;0.905;0.581;2.684;;;
2018/27/04;10:00.0;237.103;236.127;236.334;2.737;0.86;0.585;2.466;;;
2018/27/04;20:00.0;238.005;236.778;237.022;2.589;0.858;0.585;2.284;;;
2018/27/04;30:00.0;238.195;236.732;237.137;2.5;0.857;0.584;2.174;;;
2018/27/04;40:00.0;237.723;236.398;236.626;2.459;0.915;0.582;2.059;;;
2018/27/04;50:00.0;237.637;236.457;236.596;2.475;0.924;0.581;1.971;;;
2018/27/04;00:00.0;237.53;236.329;236.49;2.528;0.866;0.583;2.198;;;
2018/27/04;10:00.0;237.219;235.946;236.215;2.716;0.866;0.586;2.464;;;
2018/27/04;20:00.0;237.287;236.024;236.456;2.693;0.865;0.581;2.438;;;
2018/27/04;30:00.0;237.004;235.688;235.986;2.655;0.864;0.58;2.395;;;
2018/27/04;40:00.0;236.152;234.731;235.27;2.614;0.957;0.576;2.181;;;
2018/27/04;50:00.0;236.095;234.481;235.004;2.545;0.893;0.577;2.156;;;
2018/27/04;00:00.0;235.366;234.101;234.706;2.66;0.86;0.58;2.379;;;
2018/27/04;10:00.0;235.518;234.299;235.133;2.626;0.857;0.603;2.359;;;
2018/27/04;20:00.0;235.375;234.413;235.085;2.442;0.85;0.608;2.143;;;
2018/27/04;30:00.0;235.019;233.574;234.56;2.516;0.946;0.63;2.086;;;
2018/27/04;40:00.0;234.503;233.166;234.274;3.37;1.203;0.712;2.915;;;
2018/27/04;50:00.0;235.067;234.998;235.489;6.18;1.032;0.734;6.245;;;
2018/27/04;00:00.0;235.687;235.652;236.079;4.824;1.027;0.733;4.851;;;
2018/27/04;10:00.0;235.813;236.185;236.451;4.967;1.024;0.748;5.055;;;
2018/27/04;20:00.0;235.493;235.279;235.849;4.786;1.063;0.794;4.845;;;
2018/27/04;30:00.0;235.316;235.265;235.839;4.712;1.069;0.852;4.934;;;
2018/27/04;40:00.0;235.38;234.635;235.298;3.919;1.136;0.91;4.226;;;
2018/27/04;50:00.0;235.518;234.454;235.295;1.323;1.249;1.158;0.83;;;
2018/27/04;00:00.0;234.859;233.954;234.67;1.406;1.579;1.524;1.518;;;
2018/27/04;10:00.0;234.735;234.035;234.943;0.808;1.944;1.865;2.386;;;
2018/27/04;20:00.0;234.641;234.02;234.971;0.789;2.215;2.293;2.449;;;
2018/27/04;30:00.0;234.411;233.994;234.978;0.85;2.43;2.508;2.781;;;
2018/27/04;40:00.0;234.133;233.726;234.912;0.784;2.827;2.777;3.17;;;
2018/27/04;50:00.0;234.237;234.07;234.97;0.909;3.028;2.996;3.047;;;
2018/27/04;00:00.0;234.827;234.03;235.333;0.983;3.229;3.201;3.005;;;
2018/27/04;10:00.0;235.94;235.13;236.569;1.028;3.327;3.384;2.996;;;
2018/27/04;20:00.0;236.174;235.313;237.042;1.139;3.345;3.527;2.956;;;
2018/27/04;30:00.0;235.228;235.333;236.306;1.301;3.676;3.71;2.975;;;
2018/27/04;40:00.0;235.193;235.14;236.175;1.636;3.844;3.881;2.806;;;
2018/27/04;50:00.0;235.564;234.807;236.315;1.945;3.998;4.029;2.608;;;
2018/27/04;00:00.0;235.537;234.772;236.058;2.131;4.123;4.175;2.546;;;
2018/27/04;10:00.0;236.801;236.949;237.632;2.27;3.955;4.269;2.493;;;
2018/27/04;20:00.0;237.353;237.497;238.158;2.381;4.092;4.354;2.498;;;
2018/27/04;30:00.0;237.924;237.554;238.148;2.472;4.306;4.471;2.528;;;
2018/27/04;40:00.0;236.839;237.092;238.39;3.719;4.406;4.587;6.498;;;
2018/27/04;50:00.0;236.669;237.638;238.738;4.943;4.531;4.674;9.618;;;
2018/27/04;00:00.0;237.359;237.726;238.457;3.363;4.57;4.769;7.553;;;
2018/27/04;10:00.0;236.766;236.257;237.154;2.174;4.428;4.754;3.093;;;
2018/27/04;20:00.0;235.161;235.582;236.175;2.34;4.615;4.834;3.024;;;
2018/27/04;30:00.0;234.601;235.283;235.999;2.482;4.804;4.933;2.967;;;
2018/27/04;40:00.0;234.945;234.659;235.959;2.71;4.815;4.918;2.761;;;
2018/27/04;50:00.0;235.138;234.711;235.885;2.922;4.429;5;2.843;;;
2018/27/04;00:00.0;235.652;235.391;236.742;2.955;4.16;4.967;2.756;;;
2018/27/04;10:00.0;236.623;235.718;237.099;2.954;4.248;5.002;2.961;;;
2018/27/04;20:00.0;236.172;236.299;237.587;2.975;4.161;4.89;2.899;;;
2018/27/04;30:00.0;236.457;236.678;238.385;2.96;4.302;4.974;2.942;;;
2018/27/04;40:00.0;237.046;236.735;238.245;2.776;4.319;4.982;3.648;;;
2018/27/04;50:00.0;237.056;237.283;238.557;2.566;4.24;4.961;3.285;;;
2018/27/04;00:00.0;237.619;237.189;238.862;2.607;4.11;4.95;3.213;;;
2018/27/04;10:00.0;237.529;236.869;238.214;2.587;4.342;4.653;2.832;;;
2018/27/04;20:00.0;236.491;236.529;237.753;2.586;4.36;4.638;2.798;;;
2018/27/04;30:00.0;236.334;236.65;237.767;2.819;4.323;4.603;2.586;;;
2018/27/04;40:00.0;236.647;236.177;237.448;2.789;4.268;4.54;2.55;;;
2018/27/04;50:00.0;236.801;235.566;237.277;2.729;4.067;4.496;2.577;;;
2018/27/04;00:00.0;236.921;235.726;237.352;2.685;4.045;4.442;2.562;;;
2018/27/04;10:00.0;235.82;235.229;236.407;2.629;4.033;4.285;2.493;;;
2018/27/04;20:00.0;236.396;235.644;236.934;2.548;4.047;4.309;2.555;;;
2018/27/04;30:00.0;236.821;235.737;237.222;2.485;3.999;4.249;2.565;;;
2018/27/04;40:00.0;236.61;235.66;237.164;2.356;3.911;4.206;2.673;;;
2018/27/04;50:00.0;236.194;235.926;237.243;2.012;3.714;4.42;3.1;;;
2018/27/04;00:00.0;236.791;236.11;237.42;1.972;3.821;4.365;3.102;;;
2018/27/04;10:00.0;235.317;235.311;236.36;1.925;3.799;4.304;3.08;;;
2018/27/04;20:00.0;235.55;235.382;236.421;1.823;3.68;4.171;3.059;;;
2018/27/04;30:00.0;236.009;235.671;236.535;1.891;3.501;3.976;2.852;;;
2018/27/04;40:00.0;236.281;235.695;236.8;1.858;3.256;3.875;2.807;;;
2018/27/04;50:00.0;235.851;235.464;236.511;1.793;3.222;3.8;2.799;;;
2018/27/04;00:00.0;236.623;236.074;237.077;1.605;3.174;3.579;2.814;;;
2018/27/04;10:00.0;236.948;235.96;236.989;1.501;3.108;3.501;2.832;;;
2018/27/04;20:00.0;236.995;236.537;237.289;1.354;2.951;3.321;2.822;;;
2018/27/04;30:00.0;237.008;236.644;236.918;1.223;2.725;2.946;2.68;;;
2018/27/04;40:00.0;237.331;236.586;237.557;1.101;2.522;2.786;2.682;;;
2018/27/04;50:00.0;237.495;236.927;237.728;0.737;2.766;2.573;2.903;;;
2018/27/04;00:00.0;237.876;237.462;238.19;0.718;2.639;2.277;2.789;;;
2018/27/04;10:00.0;236.492;236.356;236.588;1.095;2.222;1.872;2.81;;;
2018/27/04;20:00.0;235.919;235.601;236.342;0.858;2.519;2.1;2.865;;;
2018/27/04;30:00.0;235.742;235.581;236.694;1.22;1.831;1.636;2.619;;;
2018/27/04;40:00.0;235.969;235.399;236.371;0.868;2.384;2.157;2.63;;;
2018/27/04;50:00.0;235.734;235.159;236.112;1.212;1.71;1.293;2.382;;;
2018/27/04;00:00.0;235.609;235.278;235.996;1.642;1.531;1.09;2.672;;;
2018/27/04;10:00.0;235.395;234.555;235.666;1.876;1.517;1.061;2.937;;;
2018/27/04;20:00.0;235.376;234.569;235.492;1.767;1.392;1.076;2.707;;;
2018/27/04;30:00.0;235.262;234.559;235.464;1.648;1.224;0.964;2.336;;;
2018/27/04;40:00.0;235.635;234.905;236.271;1.361;1.293;0.851;1.569;;;
2018/27/04;50:00.0;236.017;234.709;236.299;0.963;1.329;0.797;1.197;;;
2018/27/04;00:00.0;236.276;234.661;236.215;0.963;1.375;0.743;1.208;;;
2018/27/04;10:00.0;237.248;235.704;236.802;0.964;1.398;0.73;1.229;;;
2018/27/04;20:00.0;237.004;235.662;237.02;0.964;1.44;0.71;1.223;;;
2018/27/04;30:00.0;237.146;235.541;236.977;1.055;1.408;0.707;1.208;;;
2018/27/04;40:00.0;237.314;235.761;236.973;1.056;1.382;0.702;1.174;;;
2018/27/04;50:00.0;237.503;235.677;236.835;1.046;1.395;0.695;1.163;;;
2018/27/04;00:00.0;237.202;235.975;237.135;1.045;1.394;0.695;1.158;;;
2018/27/04;10:00.0;237.018;235.331;236.675;1.04;1.5;0.673;1.217;;;
2018/27/04;20:00.0;236.973;234.928;236.415;1.035;1.512;0.666;1.19;;;
2018/27/04;30:00.0;236.716;235.148;236.394;0.998;1.478;0.631;1.209;;;
2018/27/04;40:00.0;237.034;235.618;236.619;0.917;1.589;0.57;1.394;;;
2018/27/04;50:00.0;236.604;235.535;236.73;0.955;1.601;0.555;1.435;;;
2018/27/04;00:00.0;236.326;235.482;236.529;0.888;1.669;0.556;1.455;;;
2018/27/04;10:00.0;236.818;235.531;236.678;0.879;1.638;0.71;1.357;;;
2018/27/04;20:00.0;236.703;235.814;236.724;0.872;1.403;0.9;1.186;;;
2018/27/04;30:00.0;236.597;235.864;236.811;0.891;1.351;0.899;1.262;;;
2018/27/04;40:00.0;236.865;236.137;236.901;0.961;1.353;0.892;1.23;;;
2018/27/04;50:00.0;237.513;236.351;237.355;0.94;1.345;0.894;1.275;;;
2018/27/04;00:00.0;238.014;236.7;237.653;0.929;1.444;0.891;1.35;;;
2018/27/04;10:00.0;237.996;236.716;237.742;0.929;1.405;0.893;1.316;;;
2018/27/04;20:00.0;237.128;236.271;237.119;0.917;1.34;0.89;1.309;;;
2018/27/04;30:00.0;237.449;235.501;237.106;0.912;1.344;0.887;1.318;;;
2018/27/04;40:00.0;237.704;235.256;237.052;0.91;1.341;0.888;1.317;;;
2018/27/04;50:00.0;238.14;235.861;237.209;0.96;1.416;0.889;1.305;;;
2018/27/04;00:00.0;235.576;233.433;234.856;0.901;1.456;0.89;1.197;;;
2018/27/04;10:00.0;235.33;232.976;234.665;0.883;1.353;0.894;1.171;;;
2018/27/04;20:00.0;236.108;233.699;235.568;0.881;1.34;0.893;1.17;;;
2018/27/04;30:00.0;236.295;234.344;235.429;0.887;1.315;0.892;1.204;;;
2018/27/04;40:00.0;236.328;234.721;235.138;0.898;0.784;0.757;0.741;;;
2018/27/04;50:00.0;236.895;235.18;235.641;0.905;0.856;0.558;0.514;;;
2018/28/04;00:00.0;236.935;235.544;235.982;0.903;0.811;0.561;0.487;;;
2018/28/04;10:00.0;235.929;234.565;234.883;0.901;0.795;0.565;0.54;;;
2018/28/04;20:00.0;236.576;234.866;235.149;0.901;0.796;0.564;0.54;;;
2018/28/04;30:00.0;236.38;235.01;235.438;0.901;0.796;0.566;0.539;;;
2018/28/04;40:00.0;236.537;234.964;235.725;0.903;0.845;0.566;0.554;;;
2018/28/04;50:00.0;236.67;235.331;236.068;0.952;0.827;0.565;0.583;;;
2018/28/04;00:00.0;236.617;235.322;236.376;0.894;0.804;0.568;0.649;;;
2018/28/04;10:00.0;236.44;235.11;236.002;0.876;0.806;0.568;0.612;;;
2018/28/04;20:00.0;236.145;235.302;235.831;0.869;0.8;0.569;0.597;;;
2018/28/04;30:00.0;236.169;235.694;236.112;0.873;0.839;0.568;0.615;;;
2018/28/04;40:00.0;236.86;235.861;236.251;0.908;0.835;0.579;0.459;;;
2018/28/04;50:00.0;237.136;235.77;236.238;0.907;0.813;0.568;0.504;;;
2018/28/04;00:00.0;236.872;235.68;236.134;0.904;0.807;0.568;0.526;;;
2018/28/04;10:00.0;236.823;235.447;236.071;0.903;0.802;0.568;0.528;;;
2018/28/04;20:00.0;238.418;237.106;237.623;0.908;0.808;0.569;0.529;;;
2018/28/04;30:00.0;237.292;235.834;236.409;0.907;0.852;0.566;0.523;;;
2018/28/04;40:00.0;236.182;234.871;235.409;0.903;0.819;0.564;0.467;;;
2018/28/04;50:00.0;236.207;235.063;235.606;0.944;0.804;0.567;0.616;;;
2018/28/04;00:00.0;236.345;235.197;235.51;0.95;0.817;0.569;0.927;;;
2018/28/04;10:00.0;236.135;235.373;235.74;0.93;0.822;0.569;1.116;;;
2018/28/04;20:00.0;236.331;235.206;235.835;0.922;0.855;0.568;0.988;;;
2018/28/04;30:00.0;236.485;235.352;235.956;0.892;0.83;0.566;0.519;;;
2018/28/04;40:00.0;235.979;234.803;235.374;0.899;0.803;0.565;0.521;;;
2018/28/04;50:00.0;236.243;235.066;235.705;0.902;0.802;0.565;0.529;;;
2018/28/04;00:00.0;236.591;235.54;235.974;0.902;0.802;0.565;0.526;;;
2018/28/04;10:00.0;236.077;235.072;235.418;0.902;0.799;0.568;0.529;;;
2018/28/04;20:00.0;236.069;235.086;235.474;0.903;0.852;0.564;0.506;;;
2018/28/04;30:00.0;236.152;234.917;235.304;0.902;0.812;0.566;0.49;;;
2018/28/04;40:00.0;236.216;234.983;235.478;0.902;0.806;0.567;0.528;;;
2018/28/04;50:00.0;236.096;235.082;235.575;0.902;0.805;0.567;0.527;;;
2018/28/04;00:00.0;235.843;234.905;235.5;0.965;0.809;0.57;0.738;;;
2018/28/04;10:00.0;235.671;234.519;235.225;0.882;0.851;0.569;0.623;;;
2018/28/04;20:00.0;235.593;234.567;235.164;0.87;0.825;0.567;0.523;;;
2018/28/04;30:00.0;235.326;234.428;234.942;0.864;0.837;0.567;0.625;;;
2018/28/04;40:00.0;235.778;234.347;235.022;0.9;0.869;0.564;0.567;;;
2018/28/04;50:00.0;235.528;234.366;234.853;0.903;0.864;0.565;0.561;;;
2018/28/04;00:00.0;235.305;234.112;234.683;0.902;0.9;0.564;0.617;;;
2018/28/04;10:00.0;235.351;234.277;234.762;0.904;0.935;0.589;0.599;;;
2018/28/04;20:00.0;235.379;234.235;234.77;0.901;0.888;0.594;0.611;;;
2018/28/04;30:00.0;235.501;234.288;234.833;0.903;0.866;0.669;0.683;;;
2018/28/04;40:00.0;235.523;234.126;234.748;0.916;0.894;0.809;0.771;;;
2018/28/04;50:00.0;235.318;234.049;234.703;1.065;0.999;0.888;0.8;;;
2018/28/04;00:00.0;237.558;236.208;237.104;1.015;1.049;0.866;0.735;;;
2018/28/04;10:00.0;238.164;237.229;237.811;0.998;1.022;0.828;0.696;;;
2018/28/04;20:00.0;238.002;236.889;237.665;0.978;1;0.88;0.804;;;
2018/28/04;30:00.0;238.101;236.748;237.597;1.075;0.997;0.864;0.855;;;
2018/28/04;40:00.0;236.883;235.639;236.506;1.061;1.034;0.868;0.922;;;
2018/28/04;50:00.0;236.398;235.412;236.124;1.118;1.095;0.879;1.068;;;
2018/28/04;00:00.0;236.559;235.52;235.969;1.103;1.02;0.872;0.915;;;
2018/28/04;10:00.0;236.521;235.253;235.981;1.7;1.037;0.899;1.668;;;
2018/28/04;20:00.0;236.569;235.018;235.782;1.319;1.178;0.914;1.007;;;
2018/28/04;30:00.0;236.427;235.463;235.792;1.332;1.19;0.91;0.984;;;
2018/28/04;40:00.0;235.305;235.347;235.438;1.245;1.158;0.89;0.912;;;
2018/28/04;50:00.0;235.433;234.715;235.498;1.391;1.367;1.304;0.87;;;
2018/28/04;00:00.0;235.395;234.277;235.367;1.594;1.501;1.351;1.82;;;
2018/28/04;10:00.0;236.661;235.325;236.589;1.243;1.484;1.035;1.56;;;
2018/28/04;20:00.0;235.988;234.973;236.118;1.623;1.789;1.679;1.513;;;
2018/28/04;30:00.0;235.86;235.532;236.257;2.757;2.586;2.903;1.463;;;
2018/28/04;40:00.0;235.967;235.045;236.132;3.055;2.796;3.251;1.44;;;
2018/28/04;50:00.0;236.013;234.732;236.086;3.532;2.581;2.948;3.412;;;
2018/28/04;00:00.0;235.918;234.975;235.955;2.06;1.816;1.852;1.303;;;
2018/28/04;10:00.0;236.608;234.949;234.721;2.029;1.805;6.706;8.451;;;
2018/28/04;20:00.0;236.072;234.539;236.239;2.039;1.769;1.77;1.29;;;
2018/28/04;30:00.0;235.826;234.25;236.194;2.33;2.018;2.088;1.314;;;
2018/28/04;40:00.0;235.628;234.556;235.924;3.172;2.618;3.018;1.427;;;
2018/28/04;50:00.0;235.619;234.908;236.272;3.514;3.163;3.567;1.472;;;
2018/28/04;00:00.0;236.089;235.454;236.317;4.095;4.074;4.431;1.309;;;
2018/28/04;10:00.0;236.521;235.615;236.344;4.053;3.912;4.253;1.416;;;
2018/28/04;20:00.0;236.65;235.903;236.619;4.263;4.05;4.438;1.436;;;
2018/28/04;30:00.0;235.612;236.011;236.637;3.27;4.335;4.842;6.374;;;
2018/28/04;40:00.0;235.878;235.578;236.217;2.498;4.331;4.935;5.008;;;
2018/28/04;50:00.0;236.348;235.628;236.19;4.078;4.549;4.91;3.214;;;
2018/28/04;00:00.0;236.71;235.619;234.655;4.975;4.849;4.244;9.485;;;
2018/28/04;10:00.0;235.557;234.861;235.205;5.253;5.051;4.535;6.211;;;
2018/28/04;20:00.0;234.946;234.288;236.07;5.325;4.999;5.068;0.902;;;
2018/28/04;30:00.0;235.395;234.247;235.561;5.385;4.859;5.191;0.867;;;
2018/28/04;40:00.0;235.387;234.029;235.796;4.474;4.554;5.106;2.176;;;
2018/28/04;50:00.0;235.426;234.043;235.732;2.827;4.732;5.152;3.117;;;
2018/28/04;00:00.0;235.062;234.974;235.946;2.792;4.754;5.186;3.209;;;
2018/28/04;10:00.0;235.533;235.5;236.877;1.606;3.732;4.09;3.696;;;
2018/28/04;20:00.0;235.363;235.867;237.068;1.551;3.65;4.181;3.699;;;
2018/28/04;30:00.0;236.192;235.462;237.028;1.599;3.088;3.527;2.834;;;
2018/28/04;40:00.0;236.244;235.417;236.942;2.52;4.042;4.431;2.794;;;
2018/28/04;50:00.0;236.183;235.596;236.861;1.581;3.072;3.321;2.811;;;
2018/28/04;00:00.0;235.994;235.809;236.597;1.466;3.06;3.335;2.791;;;
2018/28/04;10:00.0;236.291;236.063;236.998;2.32;3.764;4.234;2.786;;;
2018/28/04;20:00.0;237.438;237.635;238.638;1.345;2.746;3.157;2.793;;;
2018/28/04;30:00.0;237.971;237.789;238.952;2.182;3.805;4.213;2.789;;;
2018/28/04;40:00.0;235.963;234.993;236.309;2.255;4.006;4.386;2.922;;;
2018/28/04;50:00.0;236.29;235.437;236.67;1.258;3.206;3.2;2.867;;;
2018/28/04;00:00.0;236.506;235.542;235.566;3.259;2.917;9.554;10.801;;;
2018/28/04;10:00.0;235.604;235.096;236.354;4.996;3.338;5.629;6.503;;;
2018/28/04;20:00.0;235.828;235.31;237.137;2.623;2.215;3.105;2.631;;;
2018/28/04;30:00.0;236.273;235.048;236.885;2.989;2.38;2.5;2.649;;;
2018/28/04;40:00.0;236.171;234.739;236.566;3.573;2.514;1.581;2.509;;;
2018/28/04;50:00.0;236.345;235.153;236.315;2.107;2.121;1.515;2.394;;;
2018/28/04;00:00.0;236.184;235.171;235.853;0.743;2.101;1.544;2.138;;;
2018/28/04;10:00.0;236.245;235.338;236.129;0.775;2.123;1.667;2.168;;;
2018/28/04;20:00.0;236.459;235.457;236.372;0.847;2.031;1.136;2.387;;;
2018/28/04;30:00.0;236.937;236.06;236.944;0.873;2.423;2.236;2.353;;;
2018/28/04;40:00.0;236.797;236.179;236.981;0.971;2.243;1.913;2.628;;;
2018/28/04;50:00.0;236.152;235.768;236.402;1.623;1.407;1.149;2.61;;;
2018/28/04;00:00.0;236.146;235.39;236.546;1.941;1.196;0.992;2.67;;;
2018/28/04;10:00.0;236.759;236.076;237.171;1.684;1.407;1.129;2.604;;;
2018/28/04;20:00.0;236.626;236.121;237.243;1.419;1.514;1.344;2.688;;;
2018/28/04;30:00.0;236.45;235.833;237.192;4.506;3.369;1.231;2.836;;;
2018/28/04;40:00.0;235.864;235.108;236.859;4.901;3.47;1.163;2.969;;;
2018/28/04;50:00.0;235.981;234.985;236.721;4.057;2.984;1.108;2.723;;;
2018/28/04;00:00.0;236.112;235.062;236.458;3.831;2.86;1.099;2.708;;;
2018/28/04;10:00.0;236.617;235.804;236.89;3.48;2.478;0.991;2.656;;;
2018/28/04;20:00.0;236.671;236.279;236.697;4.82;2.847;4.25;4.858;;;
2018/28/04;30:00.0;237.166;236.522;236.533;2.956;2.224;5.197;4.963;;;
2018/28/04;40:00.0;235.583;235.938;236.428;7.576;1.493;2.379;8.611;;;
2018/28/04;50:00.0;235.697;235.732;236.551;6.584;1.548;0.785;7.897;;;
2018/28/04;00:00.0;236.122;235.62;236.489;2.737;1.058;0.778;3.475;;;
2018/28/04;10:00.0;235.963;235.196;236.546;2.269;1.057;0.764;2.895;;;
2018/28/04;20:00.0;235.808;235.403;236.724;2.325;1.048;0.733;2.857;;;
2018/28/04;30:00.0;235.96;235.209;236.672;2.387;0.991;0.715;2.8;;;
2018/28/04;40:00.0;235.913;235.199;235.927;2.437;0.983;0.72;2.747;;;
2018/28/04;50:00.0;235.829;235.249;236.302;2.525;0.959;0.938;2.511;;;
2018/28/04;00:00.0;236.188;235.629;236.772;2.531;0.963;0.939;2.512;;;
2018/28/04;10:00.0;235.923;235.75;236.873;2.565;1.054;0.919;2.518;;;
2018/28/04;20:00.0;235.655;235.526;237.141;6.753;1.201;0.931;6.778;;;
2018/28/04;30:00.0;236.276;235.816;236.685;2.663;1.072;0.874;2.584;;;
2018/28/04;40:00.0;236.272;235.715;237.094;2.571;0.93;0.829;2.51;;;
2018/28/04;50:00.0;235.974;235.114;236.74;2.315;0.92;0.905;2.172;;;
2018/28/04;00:00.0;235.496;235.082;236.205;2.293;0.92;0.876;2.175;;;
2018/28/04;10:00.0;235.212;234.424;235.29;2.296;0.923;0.913;2.09;;;
2018/28/04;20:00.0;235.148;234.301;235.321;2.294;0.86;0.917;2.075;;;
2018/28/04;30:00.0;235.32;234.637;235.69;2.302;0.825;0.927;2.138;;;
2018/28/04;40:00.0;235.424;234.704;235.787;2.318;0.825;0.932;2.152;;;
2018/28/04;50:00.0;235.506;234.951;235.899;1.913;0.823;0.735;1.825;;;
2018/28/04;00:00.0;236.003;234.795;236.415;0.98;1.801;0.547;1.579;;;
2018/28/04;10:00.0;236.451;234.669;236.714;0.918;1.968;0.547;1.685;;;
2018/28/04;20:00.0;235.831;234.615;235.908;0.902;1.893;0.545;1.615;;;
2018/28/04;30:00.0;235.797;233.971;235.717;0.9;1.984;0.545;1.705;;;
2018/28/04;40:00.0;235.613;233.5;235.43;0.891;2.101;0.542;1.833;;;
2018/28/04;50:00.0;235.995;233.695;235.736;0.906;2.339;0.539;2.129;;;
2018/28/04;00:00.0;236.707;234.461;236.307;0.926;2.534;0.536;2.363;;;
2018/28/04;10:00.0;236.027;234.135;235.58;0.923;2.438;0.536;2.281;;;
2018/28/04;20:00.0;236.662;234.676;236.086;0.924;2.463;0.536;2.306;;;
2018/28/04;30:00.0;236.194;234.647;235.961;0.921;2.476;0.536;2.323;;;
2018/28/04;40:00.0;236.431;234.822;236.394;0.921;2.442;0.538;2.297;;;
2018/28/04;50:00.0;236.182;234.561;235.839;0.899;0.849;0.572;0.483;;;
2018/29/04;00:00.0;236.377;234.784;235.844;0.957;0.812;0.564;0.716;;;
2018/29/04;10:00.0;236.039;234.813;235.203;0.871;0.799;0.564;0.633;;;
2018/29/04;20:00.0;236.295;235.358;235.562;0.861;0.799;0.565;0.608;;;
2018/29/04;30:00.0;236.693;235.953;236.092;0.859;0.836;0.565;0.636;;;
2018/29/04;40:00.0;237.191;236.392;236.589;0.862;0.854;0.563;0.505;;;
2018/29/04;50:00.0;237.84;236.694;236.893;0.903;0.819;0.563;0.502;;;
2018/29/04;00:00.0;237.494;236.888;237.417;0.663;0.809;0.567;0.815;;;
2018/29/04;10:00.0;237.826;237.137;237.686;0.69;0.808;0.566;0.787;;;
2018/29/04;20:00.0;237.915;236.988;237.467;0.902;0.797;0.565;0.524;;;
2018/29/04;30:00.0;236.307;235.191;235.749;0.899;0.869;0.56;0.521;;;
2018/29/04;40:00.0;236.556;235.421;236.061;0.901;0.827;0.563;0.477;;;
2018/29/04;50:00.0;236.57;235.705;236.192;0.941;0.8;0.564;0.604;;;
2018/29/04;00:00.0;236.914;235.965;236.32;0.918;0.798;0.566;0.682;;;
2018/29/04;10:00.0;236.72;235.757;236.101;0.896;0.797;0.566;0.642;;;
2018/29/04;20:00.0;236.831;235.893;236.356;0.891;0.857;0.565;0.609;;;
2018/29/04;30:00.0;237.086;236.204;236.496;0.89;0.835;0.566;0.534;;;
2018/29/04;40:00.0;237.006;236.261;236.515;0.894;0.794;0.567;0.566;;;
2018/29/04;50:00.0;237.015;236.174;236.444;0.902;0.795;0.566;0.518;;;
2018/29/04;00:00.0;237.047;236.042;236.453;0.902;0.792;0.565;0.521;;;
2018/29/04;10:00.0;237.061;236.072;236.349;0.903;0.841;0.565;0.55;;;
2018/29/04;20:00.0;237.066;236.261;236.502;0.906;0.838;0.563;0.436;;;
2018/29/04;30:00.0;237.584;236.6;236.839;0.905;0.798;0.566;0.515;;;
2018/29/04;40:00.0;237.092;236.603;236.648;0.903;0.793;0.567;0.522;;;
2018/29/04;50:00.0;237.166;236.44;236.618;0.96;0.8;0.568;0.724;;;
2018/29/04;00:00.0;236.836;236.114;236.403;0.902;0.836;0.568;0.679;;;
2018/29/04;10:00.0;237.619;236.927;237.174;0.896;0.846;0.566;0.522;;;
2018/29/04;20:00.0;237.912;237.022;237.544;0.89;0.818;0.568;0.581;;;
2018/29/04;30:00.0;237.928;237.208;237.527;0.893;0.794;0.567;0.584;;;
2018/29/04;40:00.0;237.699;236.841;237.174;0.904;0.788;0.566;0.521;;;
2018/29/04;50:00.0;237.332;236.697;237.033;0.903;0.787;0.566;0.52;;;
2018/29/04;00:00.0;237.438;236.572;237.061;0.905;0.847;0.565;0.522;;;
2018/29/04;10:00.0;237.355;236.416;236.914;0.906;0.814;0.567;0.47;;;
2018/29/04;20:00.0;237.698;236.691;237.206;0.904;0.787;0.567;0.524;;;
2018/29/04;30:00.0;237.506;236.603;236.905;0.905;0.824;0.566;0.552;;;
2018/29/04;40:00.0;237.331;236.267;236.682;0.905;0.874;0.564;0.565;;;
2018/29/04;50:00.0;236.763;235.805;236.311;0.952;0.949;0.565;0.776;;;
2018/29/04;00:00.0;236.837;236.011;236.447;0.88;0.96;0.565;0.631;;;
2018/29/04;10:00.0;236.21;235.481;235.97;0.886;0.886;0.595;0.674;;;
2018/29/04;20:00.0;236.581;235.973;236.452;0.889;0.88;0.595;0.675;;;
2018/29/04;30:00.0;236.945;235.989;236.607;0.939;1.084;0.634;0.803;;;
2018/29/04;40:00.0;236.889;235.86;236.244;1.033;1.043;0.824;0.82;;;
2018/29/04;50:00.0;236.838;235.883;236.266;1.039;1.069;0.928;0.87;;;
2018/29/04;00:00.0;236.339;235.84;235.955;1.047;1.016;0.913;0.88;;;
2018/29/04;10:00.0;236.267;235.675;236.037;1.058;0.987;0.885;0.887;;;
2018/29/04;20:00.0;236.361;235.579;236;1.076;0.999;0.868;0.902;;;
2018/29/04;30:00.0;236.19;235.378;235.982;1.128;1.035;0.896;0.991;;;
2018/29/04;40:00.0;235.626;234.816;235.452;1.204;1.09;0.935;1.024;;;
2018/29/04;50:00.0;235.229;234.732;235.302;1.117;1.198;1.036;0.831;;;
2018/29/04;00:00.0;235.528;234.628;235.5;1.367;1.542;1.316;0.917;;;
2018/29/04;10:00.0;235.538;234.748;235.446;1.624;1.87;1.686;0.856;;;
2018/29/04;20:00.0;235.47;234.645;235.427;1.854;2.288;1.985;0.872;;;
2018/29/04;30:00.0;235.448;234.261;235.425;2.312;2.503;2.211;0.874;;;
2018/29/04;40:00.0;234.913;234.376;234.651;2.522;2.513;2.398;0.727;;;
2018/29/04;50:00.0;234.659;234.245;234.788;2.701;2.85;2.613;0.81;;;
2018/29/04;00:00.0;235.939;235.004;235.828;2.871;3.107;2.811;0.856;;;
2018/29/04;10:00.0;236.97;236.235;237.331;3.012;3.285;2.992;0.854;;;
2018/29/04;20:00.0;237.298;236.29;236.422;3.069;3.465;6.403;7.323;;;
2018/29/04;30:00.0;237.192;236.204;236.29;3.275;3.502;7.514;9.034;;;
2018/29/04;40:00.0;236.808;236.137;236.843;3.27;3.616;3.264;0.93;;;
2018/29/04;50:00.0;236.827;236.319;235.74;3.13;3.888;5.042;7.768;;;
2018/29/04;00:00.0;236.954;236.065;235.529;3.387;3.81;5.608;8.748;;;
2018/29/04;10:00.0;235.965;235.665;236.324;3.677;3.728;2.998;4.978;;;
2018/29/04;20:00.0;235.972;235.983;235.119;3.321;4.072;5.787;8.927;;;
2018/29/04;30:00.0;235.86;235.554;235.517;3.843;3.806;4.271;6.241;;;
2018/29/04;40:00.0;235.995;235.397;234.658;3.576;2.91;10.13;12.245;;;
2018/29/04;50:00.0;235.719;234.909;235.733;3.516;3.166;4.618;5.271;;;
2018/29/04;00:00.0;235.734;234.568;235.917;2.729;2.309;2.693;2.764;;;
2018/29/04;10:00.0;235.202;234.618;235.805;2.155;2.915;3.085;2.815;;;
2018/29/04;20:00.0;235.33;234.223;233.697;1.613;1.789;7.775;8.828;;;
2018/29/04;30:00.0;234.434;233.745;234.448;1.427;1.44;3.788;4.496;;;
2018/29/04;40:00.0;233.607;233.981;235.222;1.576;1.44;2.402;3.02;;;
2018/29/04;50:00.0;233.898;233.416;235.485;1.495;1.403;2.489;3.077;;;
2018/29/04;00:00.0;234.151;234.075;235.932;0.742;2.505;2.505;2.925;;;
2018/29/04;10:00.0;233.746;233.959;235.43;0.752;2.302;2.311;2.845;;;
2018/29/04;20:00.0;233.214;233.909;235.365;0.784;2.356;2.335;2.793;;;
2018/29/04;30:00.0;234.612;234.895;236.562;0.779;2.292;2.114;2.556;;;
2018/29/04;40:00.0;236.351;236.935;238.22;0.771;2.236;2.098;2.568;;;
2018/29/04;50:00.0;236.108;235.602;237.248;0.773;2.418;2.251;2.566;;;
2018/29/04;00:00.0;235.438;234.933;236.714;0.923;2.622;2.602;2.536;;;
2018/29/04;10:00.0;236.273;235.143;236.262;1.633;2.744;7.542;8.424;;;
2018/29/04;20:00.0;237.191;235.927;236.65;2.813;3.201;8.267;9.394;;;
2018/29/04;30:00.0;235.154;235.286;236.407;3.287;2.975;4.358;4.578;;;
2018/29/04;40:00.0;235.616;235.058;236.661;2.447;2.44;3.879;3.702;;;
2018/29/04;50:00.0;236.098;235.291;236.56;2.017;2.093;3.723;3.288;;;
2018/29/04;00:00.0;236.135;235.504;236.813;1.503;1.662;3.118;2.597;;;
2018/29/04;10:00.0;236.272;235.822;237.023;1.807;2.073;3.508;2.569;;;
2018/29/04;20:00.0;236.447;236.654;237.723;2.068;2.136;3.674;2.459;;;
2018/29/04;30:00.0;235.981;236.813;237.491;2.09;2.37;3.541;2.419;;;
2018/29/04;40:00.0;236.686;236.721;237.794;2.306;3.847;3.708;2.372;;;
2018/29/04;50:00.0;237.017;237.161;238.055;2.033;3.602;3.852;2.411;;;
2018/29/04;00:00.0;237.084;236.76;237.687;1.449;3.162;3.212;2.475;;;
2018/29/04;10:00.0;237.042;236.564;237.613;1.656;3.39;3.405;2.49;;;
2018/29/04;20:00.0;236.964;236.66;237.745;1.672;3.398;3.419;2.485;;;
2018/29/04;30:00.0;236.638;236.6;237.616;0.87;2.429;2.408;2.512;;;
2018/29/04;40:00.0;235.85;236.016;237.29;3.316;1.684;1.972;4.907;;;
2018/29/04;50:00.0;236.213;236.221;235.816;4.709;1.13;10.931;9.797;;;
2018/29/04;00:00.0;236.28;235.858;236.967;1.417;1.325;1.068;2.305;;;
2018/29/04;10:00.0;236.584;236.192;236.923;1.712;1.609;0.924;2.358;;;
2018/29/04;20:00.0;236.346;235.873;236.915;2.119;1.816;0.993;2.954;;;
2018/29/04;30:00.0;236.11;235.517;237.105;2.231;2.184;0.987;2.95;;;
2018/29/04;40:00.0;235.749;234.916;236.084;1.879;2.051;0.933;2.201;;;
2018/29/04;50:00.0;236.578;235.545;237.144;2.003;2.101;0.99;2.181;;;
2018/29/04;00:00.0;236.477;235.872;237.027;1.998;1.72;1.361;2.094;;;
2018/29/04;10:00.0;236.02;235.576;236.949;2.088;1.087;0.91;2.344;;;
2018/29/04;20:00.0;236.116;235.571;236.842;1.613;1.196;1;2.319;;;
2018/29/04;30:00.0;236.071;235.639;236.904;1.611;1.373;1.1;2.652;;;
2018/29/04;40:00.0;236.24;235.846;236.812;1.53;1.655;1.434;2.868;;;
2018/29/04;50:00.0;235.827;235.74;236.777;1.384;1.802;1.59;2.845;;;
2018/29/04;00:00.0;235.808;235.296;236.305;1.762;1.264;1.14;2.858;;;
2018/29/04;10:00.0;235.166;235.428;236.508;1.727;1.15;1.113;2.721;;;
2018/29/04;20:00.0;235.263;235.011;236.324;1.687;1.068;0.96;2.485;;;
2018/29/04;30:00.0;235.043;234.583;236.086;1.804;1.052;0.87;2.501;;;
2018/29/04;40:00.0;234.616;234.594;235.925;1.834;1.043;0.857;2.505;;;
2018/29/04;50:00.0;235.095;234.234;235.793;1.903;1.032;0.805;2.514;;;
2018/29/04;00:00.0;234.507;233.858;235.601;1.992;0.993;0.756;2.433;;;
2018/29/04;10:00.0;234.448;233.923;235.614;2.077;0.965;0.72;2.446;;;
2018/29/04;20:00.0;234.391;234.043;235.497;2.111;0.952;0.718;2.474;;;
2018/29/04;30:00.0;234.6;234.255;235.876;2.494;0.955;0.731;2.859;;;
2018/29/04;40:00.0;234.329;234.347;235.746;2.419;0.959;0.722;2.817;;;
2018/29/04;50:00.0;234.61;234.531;235.942;2.462;0.995;0.715;2.737;;;
2018/29/04;00:00.0;234.586;234.558;236.034;2.49;0.966;0.717;2.729;;;
2018/29/04;10:00.0;234.629;234.361;235.874;2.449;0.937;0.694;2.729;;;
2018/29/04;20:00.0;234.845;234.548;236.04;2.214;0.933;0.688;2.474;;;
2018/29/04;30:00.0;234.846;234.655;235.91;2.227;0.951;0.643;2.48;;;
2018/29/04;40:00.0;234.644;234.736;236.065;2.218;0.993;0.571;2.451;;;
2018/29/04;50:00.0;234.556;234.589;235.577;2.251;0.983;0.572;2.471;;;
2018/29/04;00:00.0;234.546;234.336;235.284;2.231;0.916;0.572;2.49;;;
2018/29/04;10:00.0;234.666;233.694;235.136;1.734;1.275;0.556;1.985;;;
2018/29/04;20:00.0;235.332;233.309;235.31;0.936;1.826;0.54;1.521;;;
2018/29/04;30:00.0;235.316;233.828;235.34;0.955;2.102;0.535;1.808;;;
2018/29/04;40:00.0;235.468;234.319;235.618;0.903;2.25;0.534;1.885;;;
2018/29/04;50:00.0;235.545;234.432;236.057;0.899;2.198;0.535;1.843;;;
2018/29/04;00:00.0;235.769;234.562;236.199;0.889;2.312;0.533;1.965;;;
2018/29/04;10:00.0;235.794;234.531;236.103;0.914;2.376;0.536;2.046;;;
2018/29/04;20:00.0;235.98;234.312;235.484;0.933;2.472;0.532;2.206;;;
2018/29/04;30:00.0;235.711;233.588;235.254;0.933;2.533;0.53;2.266;;;
2018/29/04;40:00.0;235.007;233.126;235.031;0.69;1.215;0.55;1.244;;;
2018/29/04;50:00.0;235.74;233.692;235.21;0.643;0.793;0.558;0.886;;;
2018/29/04;00:00.0;236.379;234.254;235.861;0.905;0.781;0.558;0.574;;;
2018/29/04;10:00.0;235.875;234.29;235.644;0.908;0.832;0.557;0.578;;;
2018/29/04;20:00.0;236.041;234.938;235.744;0.91;0.834;0.556;0.475;;;
2018/29/04;30:00.0;236.312;234.901;235.895;0.939;0.787;0.559;0.7;;;
2018/29/04;40:00.0;237.313;235.705;236.876;0.862;0.788;0.562;0.698;;;
2018/29/04;50:00.0;238.295;236.624;237.755;0.852;0.789;0.563;0.664;;;
2018/30/04;00:00.0;238.436;237.308;237.892;0.85;0.838;0.561;0.663;;;
2018/30/04;10:00.0;238.884;237.241;238.292;0.885;0.842;0.561;0.561;;;
2018/30/04;20:00.0;238.909;237.359;238.292;0.917;0.796;0.561;0.541;;;
2018/30/04;30:00.0;237.558;236.181;236.99;0.912;0.783;0.56;0.557;;;
2018/30/04;40:00.0;236.28;234.765;235.832;0.91;0.781;0.56;0.558;;;
2018/30/04;50:00.0;236.561;235.582;236.065;0.91;0.818;0.559;0.596;;;
2018/30/04;00:00.0;236.632;235.872;236.37;0.913;0.837;0.556;0.458;;;
2018/30/04;10:00.0;236.632;235.81;236.542;0.911;0.803;0.556;0.507;;;
2018/30/04;20:00.0;236.603;235.678;236.434;0.909;0.782;0.556;0.54;;;
2018/30/04;30:00.0;236.444;235.566;236.607;0.948;0.784;0.558;0.684;;;
2018/30/04;40:00.0;236.469;235.49;236.482;0.891;0.788;0.56;0.727;;;
2018/30/04;50:00.0;236.47;235.628;236.569;0.88;0.862;0.558;0.648;;;
2018/30/04;00:00.0;236.327;235.473;236.358;0.873;0.813;0.559;0.618;;;
2018/30/04;10:00.0;236.8;236.037;236.746;0.877;0.782;0.559;0.651;;;
2018/30/04;20:00.0;236.612;236.316;236.822;0.91;0.778;0.558;0.541;;;
2018/30/04;30:00.0;237.127;236.488;237.185;0.913;0.779;0.558;0.541;;;
2018/30/04;40:00.0;237.266;236.64;237.268;0.914;0.835;0.558;0.548;;;
2018/30/04;50:00.0;237.151;236.273;237.117;0.914;0.824;0.556;0.45;;;
2018/30/04;00:00.0;237.166;236.458;237.158;0.911;0.779;0.558;0.54;;;
2018/30/04;10:00.0;237.457;236.439;237.156;0.913;0.779;0.558;0.539;;;
2018/30/04;20:00.0;237.464;236.644;237.302;0.913;0.78;0.559;0.539;;;
2018/30/04;30:00.0;237.411;236.608;237.25;0.952;0.824;0.557;0.653;;;
2018/30/04;40:00.0;237.308;236.634;237.196;0.902;0.833;0.56;0.641;;;
2018/30/04;50:00.0;237.529;236.757;237.35;0.882;0.797;0.561;0.676;;;
2018/30/04;00:00.0;237.645;236.781;237.449;0.874;0.786;0.56;0.678;;;
2018/30/04;10:00.0;237.543;236.739;237.329;0.874;0.785;0.561;0.663;;;
2018/30/04;20:00.0;237.439;236.646;237.289;0.912;0.779;0.559;0.539;;;
2018/30/04;30:00.0;237.205;236.517;237.271;0.914;0.857;0.556;0.502;;;
2018/30/04;40:00.0;237.349;236.55;237.226;0.913;0.801;0.557;0.497;;;
2018/30/04;50:00.0;237.203;236.311;237.152;0.912;0.779;0.558;0.541;;;
2018/30/04;00:00.0;236.936;236.007;236.858;0.911;0.778;0.558;0.542;;;
2018/30/04;10:00.0;235.993;235.222;236.059;0.91;0.777;0.56;0.547;;;
2018/30/04;20:00.0;235.869;234.96;235.881;0.909;0.837;0.557;0.545;;;
2018/30/04;30:00.0;235.64;234.736;235.463;0.909;0.854;0.555;0.496;;;
2018/30/04;40:00.0;235.28;234.208;235.112;0.943;0.871;0.557;0.789;;;
2018/30/04;50:00.0;234.812;234.174;234.929;0.867;0.873;0.557;0.7;;;
2018/30/04;00:00.0;237.126;236.729;237.35;0.877;0.878;0.562;0.695;;;
2018/30/04;10:00.0;236.695;236.207;236.933;0.874;0.933;0.589;0.731;;;
2018/30/04;20:00.0;237.003;236.302;237.017;0.922;0.956;0.592;0.603;;;
2018/30/04;30:00.0;236.4;236.514;237.211;5.347;0.919;0.615;5.391;;;
2018/30/04;40:00.0;235.428;236.425;237.033;6.864;0.961;0.674;6.93;;;
2018/30/04;50:00.0;235.292;236.354;236.66;6.773;1.016;0.742;6.903;;;
2018/30/04;00:00.0;234.124;235.233;235.703;8.015;1.062;0.748;8.248;;;
2018/30/04;10:00.0;233.884;234.555;235.196;7.359;1.076;0.742;7.511;;;
2018/30/04;20:00.0;233.651;234.397;234.997;7.286;1.088;0.741;7.483;;;
2018/30/04;30:00.0;234.234;234.11;234.955;4.133;1.034;0.729;4.425;;;
2018/30/04;40:00.0;234.637;235.011;235.694;3.208;1.025;0.726;3.587;;;
2018/30/04;50:00.0;235.674;236.628;237.29;3.842;1.048;0.759;4.303;;;
2018/30/04;00:00.0;236.178;236.065;236.794;1.621;1.604;1.595;3.057;;;
2018/30/04;10:00.0;235.887;235.853;236.784;1.422;2.218;2.312;3.47;;;
2018/30/04;20:00.0;236.03;235.639;236.729;0.88;2.615;2.521;3.247;;;
2018/30/04;30:00.0;234.592;234.35;235.596;0.768;2.8;2.709;3.096;;;
2018/30/04;40:00.0;234.958;234.887;235.166;0.871;3.009;2.945;2.953;;;
2018/30/04;50:00.0;235.102;234.901;235.139;0.978;3.216;3.165;2.974;;;
2018/30/04;00:00.0;236.482;236.471;236.983;1.098;3.197;3.351;2.925;;;
2018/30/04;10:00.0;236.174;236.46;237.036;1.235;3.508;3.567;2.991;;;
2018/30/04;20:00.0;236.36;236.222;237.457;1.37;3.793;3.761;3.043;;;
2018/30/04;30:00.0;236.611;236.459;237.587;1.549;3.98;3.959;3.034;;;
2018/30/04;40:00.0;236.141;236.027;237.146;1.717;4.124;4.11;3.011;;;
2018/30/04;50:00.0;236.128;236.322;236.876;1.736;4.145;4.288;3.153;;;
2018/30/04;00:00.0;236.511;236.222;236.757;1.749;4.24;4.458;3.225;;;
2018/30/04;10:00.0;235.93;235.802;236.374;2.105;4.651;4.733;3.188;;;
2018/30/04;20:00.0;235.327;235.677;236.514;2.324;4.758;4.894;3.131;;;
2018/30/04;30:00.0;235.382;235.783;236.621;2.519;4.742;4.879;2.987;;;
2018/30/04;40:00.0;235.14;235.361;236.646;2.746;4.833;4.973;2.807;;;
2018/30/04;50:00.0;235.194;234.923;236.802;2.854;4.737;5.079;2.746;;;
2018/30/04;00:00.0;235.539;234.942;236.519;2.946;4.92;5.144;2.754;;;
2018/30/04;10:00.0;235.298;235.11;236.436;2.962;5.016;5.165;2.8;;;
2018/30/04;20:00.0;235.526;234.019;236.667;3.031;6.847;5.038;8.573;;;
2018/30/04;30:00.0;235.148;232.325;237.012;3.282;7.476;5.244;12.057;;;
2018/30/04;40:00.0;234.869;232.334;236.74;3.362;7.501;5.285;12.217;;;
2018/30/04;50:00.0;234.974;232.356;236.499;3.385;7.443;5.403;12.288;;;
2018/30/04;00:00.0;235.253;235.158;236.532;3.051;5.162;5.453;3.404;;;
2018/30/04;10:00.0;236.264;235.676;236.874;2.821;5.425;5.578;3.474;;;
2018/30/04;20:00.0;236.386;236.31;237.602;3.107;5.334;5.556;3.109;;;
2018/30/04;30:00.0;236.577;236.17;237.917;2.431;3.947;4.03;2.818;;;
2018/30/04;40:00.0;236.57;235.993;237.78;1.774;3.14;3.439;2.517;;;
2018/30/04;50:00.0;237.27;237.007;238.818;3.7;5.28;5.591;2.538;;;
2018/30/04;00:00.0;237.607;237.093;238.743;3.679;5.327;5.637;2.589;;;
2018/30/04;10:00.0;237.116;236.425;238.471;3.621;5.276;5.573;2.585;;;
2018/30/04;20:00.0;237.336;236.377;238.386;3.626;5.295;5.594;2.588;;;
2018/30/04;30:00.0;237.054;236.205;238.493;3.731;5.214;5.684;2.565;;;
2018/30/04;40:00.0;237.029;236.273;237.652;3.584;5.106;5.549;2.566;;;
2018/30/04;50:00.0;237.068;236.341;237.769;3.481;5.155;5.453;2.608;;;
2018/30/04;00:00.0;236.666;236.314;238.276;3.1;5.191;5.473;2.979;;;
2018/30/04;10:00.0;236.289;236.294;237.712;3.05;5.052;5.338;2.905;;;
2018/30/04;20:00.0;236.41;236.269;237.414;2.924;4.753;5.111;2.866;;;
2018/30/04;30:00.0;236.724;236.373;237.552;2.981;4.768;5.262;2.836;;;
2018/30/04;40:00.0;237.299;236.974;238.028;3.11;4.794;5.096;2.614;;;
2018/30/04;50:00.0;237.596;237.098;237.898;3.297;4.97;5.273;2.584;;;
2018/30/04;00:00.0;237.711;237.214;238.033;2.935;4.544;4.809;2.584;;;
2018/30/04;10:00.0;237.631;237.251;238.317;3.1;4.775;5.054;2.584;;;
2018/30/04;20:00.0;237.505;237.19;238.66;3.113;4.572;5.051;2.552;;;
2018/30/04;30:00.0;237.187;236.936;238.208;2.53;3.962;4.292;2.566;;;
2018/30/04;40:00.0;237.149;237.029;238.163;2.448;4.097;4.325;2.583;;;
2018/30/04;50:00.0;237.148;237.36;238.58;2.249;3.953;4.174;2.56;;;
2018/30/04;00:00.0;237.453;237.465;238.944;1.846;3.88;4.088;2.929;;;
2018/30/04;10:00.0;237.572;237.511;238.751;1.57;3.458;3.773;2.878;;;
2018/30/04;20:00.0;238.077;237.428;238.485;1.428;3.269;3.606;2.858;;;
2018/30/04;30:00.0;237.959;237.588;238.762;1.325;3.261;3.169;2.72;;;
2018/30/04;40:00.0;237.725;237.449;238.308;1.093;1.86;1.761;2.624;;;
2018/30/04;50:00.0;237.729;237.477;238.091;1.114;1.485;1.394;2.518;;;
2018/30/04;00:00.0;237.558;237.848;238.629;1.736;3.171;3.04;2.374;;;
2018/30/04;10:00.0;236.275;235.945;236.894;1.102;2.555;2.501;2.342;;;
2018/30/04;20:00.0;235.617;235.64;236.644;1.131;2.218;2.125;2.479;;;
2018/30/04;30:00.0;235.882;235.452;236.675;1.088;1.897;1.799;2.515;;;
2018/30/04;40:00.0;236.475;235.704;236.594;0.934;1.729;1.661;2.53;;;
2018/30/04;50:00.0;236.082;235.641;236.736;0.899;1.945;1.77;2.581;;;
2018/30/04;00:00.0;235.887;235.373;236.331;1.491;1.522;1.435;2.792;;;
2018/30/04;10:00.0;235.965;235.504;236.134;1.747;1.355;1.192;2.906;;;
2018/30/04;20:00.0;235.661;235.382;236.389;1.36;1.672;1.542;2.979;;;
2018/30/04;30:00.0;235.65;235.198;235.76;2.018;1.363;1.192;3.182;;;
2018/30/04;40:00.0;235.076;234.616;235.501;2.319;1.08;0.828;3.248;;;
2018/30/04;50:00.0;234.883;234.168;235.51;2.04;1.099;0.791;2.747;;;
2018/30/04;00:00.0;235.252;233.75;235.876;1.983;5.151;3.128;3.875;;;
2018/30/04;10:00.0;236.35;234.891;237.237;2.008;4.284;0.934;4.419;;;
2018/30/04;20:00.0;236.815;235.785;237.425;2.048;1.024;0.645;2.53;;;
2018/30/04;30:00.0;236.831;236.4;237.491;1.985;1.022;0.599;2.543;;;
2018/30/04;40:00.0;237.176;236.064;237.925;2.046;1.049;0.708;2.438;;;
2018/30/04;50:00.0;237.495;236.304;238.058;2.434;1.066;2.151;2.512;;;
2018/30/04;00:00.0;237.639;236.759;238.537;2.452;1.067;0.833;2.62;;;
2018/30/04;10:00.0;236.667;235.86;237.878;2.45;1.051;0.817;2.612;;;
2018/30/04;20:00.0;235.102;234.126;234.406;4.258;2.873;13.067;11.724;;;
2018/30/04;30:00.0;235.472;234.378;233.764;5.389;3.479;14.76;13.087;;;
2018/30/04;40:00.0;235.169;234.326;235.888;2.674;1.501;1.197;1.904;;;
2018/30/04;50:00.0;235.004;234.354;235.345;2.232;1.006;1.232;1.85;;;
2018/30/04;00:00.0;233.876;234.075;235.163;6.251;0.969;1.401;5.944;;;
2018/30/04;10:00.0;236.509;235.691;236.486;1.025;0.839;1.382;1.384;;;
2018/30/04;20:00.0;236.489;236.268;237.046;0.828;0.801;1.24;1.13;;;
2018/30/04;30:00.0;237.305;236.461;237.352;0.884;0.855;1.721;1.644;;;
2018/30/04;40:00.0;237.669;236.506;237.754;0.859;0.868;0.996;0.648;;;
2018/30/04;50:00.0;238.066;237.174;238.361;0.851;0.809;0.947;0.735;;;
2018/30/04;00:00.0;236.383;235.566;236.741;0.895;0.783;0.906;0.768;;;
2018/30/04;10:00.0;235.304;234.055;235.835;0.867;0.779;0.899;0.765;;;
2018/30/04;20:00.0;235.242;234.259;235.4;0.897;0.777;0.899;0.84;;;
2018/30/04;30:00.0;235.039;233.569;235.119;0.906;0.856;0.888;0.787;;;
2018/30/04;40:00.0;234.591;233.274;234.756;0.906;0.805;0.614;0.578;;;
2018/30/04;50:00.0;234.223;233.828;235.065;0.905;0.776;0.562;0.583;;;
2018/30/04;00:00.0;234.639;233.766;235.016;0.905;0.776;0.561;0.58;;;
2018/30/04;10:00.0;236.743;234.834;236.689;0.912;0.779;0.564;0.581;;;
2018/30/04;20:00.0;238.21;236.076;238.019;0.918;0.844;0.564;0.579;;;
2018/30/04;30:00.0;235.975;234.085;235.155;0.952;0.827;0.561;0.647;;;
2018/30/04;40:00.0;235.814;234.158;235.57;0.867;0.784;0.565;0.723;;;
2018/30/04;50:00.0;236.033;234.78;236.077;0.854;0.784;0.566;0.684;;;
;;;;;;;;;;;
;;;;;;;;;;;
05.01.2018;00:00.0;237.329;235.722;237.278;0.849;0.786;0.568;0.661;;;
05.01.2018;10:00.0;235.793;234.367;235.632;0.872;0.829;0.567;0.718;;;
05.01.2018;20:00.0;236.261;234.692;235.911;0.908;0.832;0.563;0.517;;;
05.01.2018;30:00.0;236.278;235.037;236.059;0.911;0.791;0.566;0.578;;;
05.01.2018;40:00.0;236.388;235.087;235.942;0.912;0.781;0.58;0.601;;;
05.01.2018;50:00.0;236.579;235.249;236.33;0.912;0.781;0.566;0.588;;;
05.01.2018;00:00.0;236.87;235.481;236.576;0.912;0.781;0.565;0.586;;;
05.01.2018;10:00.0;236.398;235.136;236.259;0.912;0.854;0.562;0.567;;;
05.01.2018;20:00.0;236.488;235.091;236.214;0.912;0.813;0.564;0.542;;;
05.01.2018;30:00.0;236.637;235.112;236.491;0.951;0.781;0.565;0.688;;;
05.01.2018;40:00.0;236.484;235.138;236.346;0.898;0.787;0.568;0.795;;;
05.01.2018;50:00.0;236.298;235.383;236.311;0.879;0.786;0.567;0.748;;;
05.01.2018;00:00.0;236.537;235.335;236.454;0.875;0.834;0.566;0.718;;;
05.01.2018;10:00.0;236.713;235.627;236.566;0.872;0.826;0.565;0.611;;;
05.01.2018;20:00.0;236.788;235.762;236.509;0.911;0.778;0.565;0.592;;;
05.01.2018;30:00.0;236.957;235.915;236.607;0.912;0.777;0.566;0.596;;;
05.01.2018;40:00.0;237.084;236.128;236.854;0.913;0.778;0.566;0.622;;;
05.01.2018;50:00.0;236.93;236.349;236.892;0.913;0.778;0.565;0.622;;;
05.01.2018;00:00.0;237.158;236.347;236.936;0.916;0.854;0.564;0.575;;;
05.01.2018;10:00.0;236.829;236.113;236.557;0.914;0.801;0.565;0.59;;;
05.01.2018;20:00.0;236.664;235.835;236.381;0.911;0.777;0.565;0.655;;;
05.01.2018;30:00.0;236.932;235.996;236.658;0.912;0.777;0.567;0.678;;;
05.01.2018;40:00.0;236.681;235.914;236.273;0.942;0.783;0.568;0.902;;;
05.01.2018;50:00.0;236.558;236.004;236.03;0.883;0.834;0.567;0.758;;;
05.01.2018;00:00.0;236.885;235.903;236.279;0.876;0.826;0.566;0.61;;;
05.01.2018;10:00.0;237.009;236.108;236.736;0.87;0.785;0.568;0.699;;;
05.01.2018;20:00.0;237.069;236.274;236.862;0.906;0.778;0.567;0.616;;;
05.01.2018;30:00.0;236.972;236.142;236.782;0.912;0.777;0.566;0.597;;;
05.01.2018;40:00.0;236.921;235.81;236.651;0.912;0.776;0.566;0.598;;;
05.01.2018;50:00.0;236.802;235.727;236.507;0.914;0.845;0.564;0.566;;;
05.01.2018;00:00.0;236.596;235.808;236.505;0.913;0.807;0.565;0.605;;;
05.01.2018;10:00.0;236.05;235.329;236.063;0.928;0.777;0.568;0.706;;;
05.01.2018;20:00.0;235.922;234.916;235.83;0.913;0.775;0.566;0.644;;;
05.01.2018;30:00.0;235.477;235.006;235.453;0.911;0.811;0.565;0.655;;;
05.01.2018;40:00.0;235.278;234.98;235.482;2.474;0.916;0.57;2.329;;;
05.01.2018;50:00.0;235.14;234.819;235.275;3.127;0.953;0.577;2.947;;;
05.01.2018;00:00.0;234.604;234.21;234.953;3.535;0.904;0.583;3.48;;;
05.01.2018;10:00.0;236.934;236.341;237.451;3.388;0.88;0.651;3.339;;;
05.01.2018;20:00.0;236.865;236.649;237.32;4.048;0.884;0.666;4.013;;;
05.01.2018;30:00.0;237.114;236.766;237.471;2.344;0.956;0.651;2.149;;;
05.01.2018;40:00.0;237.451;236.499;235.696;2.69;1.801;12.401;12.164;;;
05.01.2018;50:00.0;237.076;236.526;234.258;2.382;2.093;16.296;15.818;;;
05.01.2018;00:00.0;236.982;236.17;236.537;2.361;1.941;5.638;5.575;;;
05.01.2018;10:00.0;236.709;235.546;236.647;2.332;2.029;0.924;1.201;;;
05.01.2018;20:00.0;236.284;235.042;236.249;2.368;2.026;0.894;1.247;;;
05.01.2018;30:00.0;235.572;234.937;235.771;2.349;2.139;0.887;1.255;;;
05.01.2018;40:00.0;235.083;234.682;235.532;2.372;2.298;0.855;1.339;;;
05.01.2018;50:00.0;234.791;234.199;235.339;2.221;2.172;0.846;1.198;;;
05.01.2018;00:00.0;234.617;233.659;234.838;2.175;2.055;0.813;1.217;;;
05.01.2018;10:00.0;234.185;233.372;234.1;2.379;1.809;0.798;1.697;;;
05.01.2018;20:00.0;236.23;235.777;236.532;2.27;1.032;1.154;2.602;;;
05.01.2018;30:00.0;235.817;235.752;236.958;2.065;1.068;0.853;1.782;;;
05.01.2018;40:00.0;236.08;235.928;236.659;2.009;1.113;0.99;1.694;;;
05.01.2018;50:00.0;236.447;235.993;236.617;2.005;1.313;1.154;1.884;;;
05.01.2018;00:00.0;236.322;235.863;236.717;2.036;1.51;1.437;1.947;;;
05.01.2018;10:00.0;236.153;235.742;236.658;2.03;1.512;1.43;1.82;;;
05.01.2018;20:00.0;236.248;235.466;236.667;1.582;1.344;1.196;0.952;;;
05.01.2018;30:00.0;236.173;235.145;236.362;1.63;1.279;1.26;0.826;;;
05.01.2018;40:00.0;235.744;234.857;236.25;1.145;1.329;1.302;0.953;;;
05.01.2018;50:00.0;235.475;234.734;236.247;0.753;1.421;1.33;1.335;;;
05.01.2018;00:00.0;235.468;235.062;236.113;1.471;1.614;1.596;0.97;;;
05.01.2018;10:00.0;234.748;234.47;235.747;1.888;1.914;1.949;0.868;;;
05.01.2018;20:00.0;234.923;234.143;235.561;1.794;1.732;1.826;0.853;;;
05.01.2018;30:00.0;235.017;233.884;235.433;1.97;1.571;1.74;0.74;;;
05.01.2018;40:00.0;235.455;234.013;235.794;2.003;1.703;1.711;0.761;;;
05.01.2018;50:00.0;235.487;234.396;236.177;2.08;1.777;1.793;0.763;;;
05.01.2018;00:00.0;235.374;234.354;236.455;2.887;2.545;2.656;0.815;;;
05.01.2018;10:00.0;235.634;234.801;236.807;2.614;2.283;2.329;0.854;;;
05.01.2018;20:00.0;235.32;234.248;236.289;2.246;1.78;1.979;0.858;;;
05.01.2018;30:00.0;235.379;234.48;236.433;2.978;2.557;2.706;0.847;;;
05.01.2018;40:00.0;235.563;233.859;235.978;3.309;2.903;2.959;0.992;;;
05.01.2018;50:00.0;235.437;234.192;236.306;3.942;3.759;3.911;0.98;;;
05.01.2018;00:00.0;235.562;234.159;236.267;3.656;3.637;3.79;1.034;;;
05.01.2018;10:00.0;235.212;234.512;236.541;3.88;3.7;3.97;1.021;;;
05.01.2018;20:00.0;234.864;234.443;236.944;2.737;2.469;2.745;0.969;;;
05.01.2018;30:00.0;236.442;235.434;237.685;5.413;5.116;5.324;0.936;;;
05.01.2018;40:00.0;236.376;235.421;237.503;5.102;4.579;4.832;0.917;;;
05.01.2018;50:00.0;236.248;235.529;237.339;3.665;3.2;3.387;0.91;;;
05.01.2018;00:00.0;236.972;235.648;237.465;3.37;2.961;3.095;0.9;;;
05.01.2018;10:00.0;236.599;234.789;237.208;3.847;3.272;3.616;0.817;;;
05.01.2018;20:00.0;236.258;234.313;236.675;3.41;2.873;3.181;0.886;;;
05.01.2018;30:00.0;235.765;233.779;236.027;2.748;2.389;2.502;0.874;;;
05.01.2018;40:00.0;235.313;233.395;235.679;2.424;2.106;2.163;0.84;;;
05.01.2018;50:00.0;237.638;235.154;237.85;2.266;2.034;2.074;0.938;;;
05.01.2018;00:00.0;238.072;236.082;238.719;1.907;1.935;2.031;1.03;;;
05.01.2018;10:00.0;238.18;236.561;238.748;1.828;1.681;1.89;0.914;;;
05.01.2018;20:00.0;238.127;237.061;239.085;2.321;2.308;2.395;0.945;;;
05.01.2018;30:00.0;237.978;237.118;239.368;2.602;2.58;2.676;0.945;;;
05.01.2018;40:00.0;238.356;237.031;238.896;3.163;2.791;2.938;0.868;;;
05.01.2018;50:00.0;236.84;235.882;237.368;3.153;2.776;2.916;0.85;;;
05.01.2018;00:00.0;235.627;235.023;236.151;3.021;2.483;2.78;0.845;;;
05.01.2018;10:00.0;235.754;235.19;235.8;2.747;2.296;2.5;0.825;;;
05.01.2018;20:00.0;235.781;235.424;236.353;3.198;2.765;2.96;0.894;;;
05.01.2018;30:00.0;235.977;235.464;236.613;3.526;3.137;3.299;0.835;;;
05.01.2018;40:00.0;236.265;235.389;236.891;4.306;3.849;4.084;0.813;;;
05.01.2018;50:00.0;236.333;235.089;236.714;4.064;3.5;3.837;0.878;;;
05.01.2018;00:00.0;236.86;235.748;237.404;3.588;3.195;3.613;1.002;;;
05.01.2018;10:00.0;236.266;235.59;237.111;2.818;2.774;2.952;1.048;;;
05.01.2018;20:00.0;236.463;236.032;237.514;2.074;2.119;2.15;0.999;;;
05.01.2018;30:00.0;237.156;236.117;237.779;2.381;2.424;2.454;0.982;;;
05.01.2018;40:00.0;238.171;237.061;238.526;3.457;3.283;3.283;0.91;;;
05.01.2018;50:00.0;238.344;237.074;238.495;2.953;2.414;2.597;0.907;;;
05.01.2018;00:00.0;237.756;237.056;238.17;2.048;1.675;1.732;0.81;;;
05.01.2018;10:00.0;237.287;236.591;237.903;2.247;1.966;1.913;0.855;;;
05.01.2018;20:00.0;236.074;235.245;236.507;1.958;1.883;1.824;0.992;;;
05.01.2018;30:00.0;236.589;235.312;236.769;1.622;1.976;1.918;1.176;;;
05.01.2018;40:00.0;236.516;235.208;236.577;1.863;1.867;1.867;1.086;;;
05.01.2018;50:00.0;235.959;234.979;236.142;1.808;1.405;1.452;0.762;;;
05.01.2018;00:00.0;235.852;234.957;235.782;1.462;1.428;1.308;1.891;;;
05.01.2018;10:00.0;235.133;234.987;235.919;1.502;1.434;1.342;2.92;;;
05.01.2018;20:00.0;234.612;234.581;235.66;1.765;1.336;1.158;3.013;;;
05.01.2018;30:00.0;234.483;234.698;235.628;2.172;1.199;0.948;3.185;;;
05.01.2018;40:00.0;234.083;234.696;235.408;2.247;1.102;0.855;3.043;;;
05.01.2018;50:00.0;234.091;234.801;235.455;1.888;1.095;0.836;2.659;;;
05.01.2018;00:00.0;234.664;234.092;235.867;1.842;1.109;0.834;2.639;;;
05.01.2018;10:00.0;234.282;234.444;235.576;1.944;1.08;0.788;2.645;;;
05.01.2018;20:00.0;234.22;234.083;235.743;2.035;1.328;0.741;2.749;;;
05.01.2018;30:00.0;234.495;234.206;235.713;2.12;1.603;0.727;2.877;;;
05.01.2018;40:00.0;235.062;234.598;235.771;2.247;1.669;0.692;2.863;;;
05.01.2018;50:00.0;234.854;234.735;235.341;2.198;1.577;0.839;2.641;;;
05.01.2018;00:00.0;234.936;234.9;236.021;2.274;1.597;0.893;2.579;;;
05.01.2018;10:00.0;235.7;235.519;236.541;2.613;1.603;0.87;2.887;;;
05.01.2018;20:00.0;235.877;235.553;236.577;2.616;1.604;0.871;2.856;;;
05.01.2018;30:00.0;235.769;235.559;236.859;2.624;1.737;0.883;2.832;;;
05.01.2018;40:00.0;235.983;235.618;236.811;2.62;1.695;0.876;2.811;;;
05.01.2018;50:00.0;235.479;235.45;237.078;2.493;1.55;0.794;2.701;;;
05.01.2018;00:00.0;235.212;234.735;236.627;2.336;1.557;0.79;2.56;;;
05.01.2018;10:00.0;234.959;234.595;236.048;2.336;1.401;0.789;2.489;;;
05.01.2018;20:00.0;235.422;234.783;236.35;2.326;1.366;0.788;2.462;;;
05.01.2018;30:00.0;235.926;234.96;236.538;2.322;1.428;0.788;2.433;;;
05.01.2018;40:00.0;236.436;235.285;236.824;2.317;1.355;0.796;2.456;;;
05.01.2018;50:00.0;236.916;235.761;237.422;2.313;1.315;0.789;2.468;;;
05.01.2018;00:00.0;237.444;236.256;238.023;2.323;1.316;0.799;2.471;;;
05.01.2018;10:00.0;237.287;236.236;238.025;2.454;1.327;0.631;2.798;;;
05.01.2018;20:00.0;236.833;235.93;237.588;2.693;1.434;0.549;3.07;;;
05.01.2018;30:00.0;236.666;235.748;237.395;2.67;1.445;0.548;3.042;;;
05.01.2018;40:00.0;236.157;235.543;236.84;2.68;1.365;0.547;3.057;;;
05.01.2018;50:00.0;236.277;235.701;237.247;2.686;1.339;0.546;3.061;;;
05.01.2018;00:00.0;237.503;236.253;237.762;2.4;1.332;0.544;2.812;;;
05.01.2018;10:00.0;237.038;235.913;237.391;2.349;1.381;0.543;2.755;;;
05.01.2018;20:00.0;238.118;236.478;237.969;1.28;1.422;0.532;1.527;;;
05.01.2018;30:00.0;236.401;234.196;236.065;0.918;1.338;0.529;1.115;;;
05.01.2018;40:00.0;235.794;233.953;235.208;0.915;1.309;0.528;1.1;;;
05.01.2018;50:00.0;236.025;234.552;235.404;0.916;1.305;0.527;1.094;;;
05.02.2018;00:00.0;236.549;235.198;235.57;0.917;1.299;0.529;1.086;;;
05.02.2018;10:00.0;237.598;236.704;236.728;0.963;1.4;0.543;1.206;;;
05.02.2018;20:00.0;237.668;236.781;236.779;0.905;0.968;0.539;0.832;;;
05.02.2018;30:00.0;238.207;237.273;237.422;0.883;0.781;0.542;0.727;;;
05.02.2018;40:00.0;238.08;237.008;237.616;0.878;0.782;0.544;0.718;;;
05.02.2018;50:00.0;235.953;235;235.459;0.872;0.776;0.541;0.715;;;
05.02.2018;00:00.0;235.952;234.852;235.265;0.905;0.813;0.539;0.642;;;
05.02.2018;10:00.0;235.685;234.616;235.14;0.91;0.804;0.535;0.505;;;
05.02.2018;20:00.0;235.636;234.555;235.22;0.908;0.779;0.536;0.583;;;
05.02.2018;30:00.0;235.667;234.722;235.296;0.907;0.77;0.538;0.603;;;
05.02.2018;40:00.0;235.688;234.681;235.175;0.908;0.77;0.537;0.603;;;
05.02.2018;50:00.0;235.656;234.879;235.294;0.908;0.771;0.538;0.6;;;
05.02.2018;00:00.0;235.698;234.57;235.128;0.91;0.823;0.536;0.569;;;
05.02.2018;10:00.0;235.659;234.503;235.096;0.908;0.787;0.535;0.537;;;
05.02.2018;20:00.0;235.775;234.722;235.256;0.942;0.775;0.54;0.837;;;
05.02.2018;30:00.0;235.627;234.81;235.25;0.882;0.773;0.54;0.752;;;
05.02.2018;40:00.0;235.759;234.856;235.291;0.874;0.773;0.54;0.72;;;
05.02.2018;50:00.0;235.605;234.764;235.342;0.872;0.815;0.539;0.707;;;
05.02.2018;00:00.0;235.388;234.849;235.291;0.9;0.798;0.536;0.523;;;
05.02.2018;10:00.0;236.994;236.291;236.684;0.913;0.775;0.539;0.571;;;
05.02.2018;20:00.0;237.913;237.201;237.456;0.916;0.773;0.541;0.594;;;
05.02.2018;30:00.0;238.051;237.179;237.539;0.917;0.773;0.541;0.597;;;
05.02.2018;40:00.0;237.89;236.97;237.388;0.916;0.773;0.542;0.597;;;
05.02.2018;50:00.0;237.86;236.938;237.494;1.153;0.93;0.539;0.809;;;
05.02.2018;00:00.0;237.314;236.906;237.39;3.395;0.908;0.554;3.246;;;
05.02.2018;10:00.0;236.106;236.795;237.099;7.149;0.889;0.581;7.278;;;
05.02.2018;20:00.0;236.2;236.65;236.862;6.279;0.871;0.576;6.397;;;
05.02.2018;30:00.0;236.104;236.415;236.576;5.656;0.862;0.572;5.761;;;
05.02.2018;40:00.0;235.943;235.892;236.198;4.796;0.889;0.567;4.815;;;
05.02.2018;50:00.0;236.403;235.651;236.189;3.108;0.927;0.549;3;;;
05.02.2018;00:00.0;236.405;235.778;236.088;2.139;0.862;0.543;1.959;;;
05.02.2018;10:00.0;236.932;236.035;236.524;2.363;0.854;0.543;2.193;;;
05.02.2018;20:00.0;236.568;235.811;236.263;2.44;0.85;0.541;2.292;;;
05.02.2018;30:00.0;236.076;235.699;235.998;3.36;0.866;0.551;3.309;;;
05.02.2018;40:00.0;235.888;235.441;235.783;2.8;0.934;0.545;2.563;;;
05.02.2018;50:00.0;235.863;234.854;235.599;2.201;0.888;0.541;1.851;;;
05.02.2018;00:00.0;235.425;234.485;235.257;2.174;0.845;0.543;1.953;;;
05.02.2018;10:00.0;234.959;234.323;234.985;2.113;0.847;0.576;1.902;;;
05.02.2018;20:00.0;235.024;234.053;234.972;2.266;0.845;0.579;2.122;;;
05.02.2018;30:00.0;234.369;234.782;235.38;6.787;0.992;0.653;6.853;;;
05.02.2018;40:00.0;234.111;234.731;235.268;7.481;1.082;0.712;7.537;;;
05.02.2018;50:00.0;236.501;237.097;237.42;6.125;1.111;0.662;6.182;;;
05.02.2018;00:00.0;235.481;236.333;236.676;7.533;1.113;0.676;7.679;;;
05.02.2018;10:00.0;234.795;235.153;235.756;5.71;1.169;0.668;5.619;;;
05.02.2018;20:00.0;234.309;234.754;235.205;5.697;1.104;0.671;5.761;;;
05.02.2018;30:00.0;234.853;234.735;235.212;3.874;1.091;0.684;3.877;;;
05.02.2018;40:00.0;234.92;234.589;235.157;1.155;1.067;0.71;0.739;;;
05.02.2018;50:00.0;234.694;234.54;235.257;1.867;1.117;0.743;1.601;;;
05.02.2018;00:00.0;234.435;233.923;234.805;2.354;1.182;0.818;2.231;;;
05.02.2018;10:00.0;235.98;235.412;236.581;2.121;1.227;0.874;1.893;;;
05.02.2018;20:00.0;236.096;235.586;236.564;1.707;1.308;0.995;1.569;;;
05.02.2018;30:00.0;235.94;235.444;236.622;1.13;1.282;1.09;1.678;;;
05.02.2018;40:00.0;235.957;235.38;236.611;1.261;1.568;1.277;2.115;;;
05.02.2018;50:00.0;236.213;235.301;236.789;1.536;1.754;1.232;2.939;;;
05.02.2018;00:00.0;236.202;235.24;236.723;1.244;1.798;1.154;2.968;;;
05.02.2018;10:00.0;236.352;235.212;236.697;1.353;1.79;1.253;2.67;;;
05.02.2018;20:00.0;236.061;234.761;236.747;1.529;1.978;1.274;2.812;;;
